ax,ay,az,gx,gy,gz,slot,label
0.7646,0.4087,-0.2778,7.683,-2.012,1.341,1,13
0.7637,0.4087,-0.2788,7.927,-1.829,0.671,1,13
0.7607,0.4136,-0.2744,7.866,-1.890,0.366,1,13
0.7666,0.4165,-0.2715,8.476,-2.073,-0.366,1,13
0.7627,0.4072,-0.2827,8.293,-1.890,-0.732,1,13
0.7646,0.4175,-0.2754,8.354,-1.829,-1.707,1,13
0.7637,0.4194,-0.2705,8.110,-1.890,-1.890,1,13
0.7568,0.4180,-0.2744,7.988,-1.707,-2.378,1,13
0.7539,0.5054,-0.2607,7.866,-1.646,-8.780,1,13
0.7559,0.5049,-0.2808,7.500,-1.280,-8.963,1,13
0.7476,0.5122,-0.2622,7.439,-1.524,-9.085,1,13
0.7412,0.5093,-0.2720,7.317,-1.524,-9.146,1,13
0.7485,0.5171,-0.2778,6.829,-1.585,-9.146,1,13
0.7520,0.5220,-0.2710,7.378,-1.768,-9.207,1,13
0.7490,0.5244,-0.2725,6.646,-1.707,-9.268,1,13
0.7446,0.5273,-0.2671,6.646,-1.220,-9.207,1,13
0.7554,0.5654,-0.2866,4.085,-3.537,-6.585,1,13
0.7534,0.5693,-0.2861,3.963,-3.354,-6.280,1,13
0.7598,0.5645,-0.2827,4.085,-3.293,-5.732,1,13
0.7612,0.5610,-0.2935,3.902,-3.293,-5.122,1,13
0.7627,0.5684,-0.2861,3.720,-3.415,-4.878,1,13
0.7607,0.5605,-0.2886,3.232,-3.659,-4.573,1,13
0.7661,0.5645,-0.2939,3.476,-3.780,-4.207,1,13
0.7642,0.5708,-0.2930,2.683,-3.659,-3.841,1,13
0.7554,-0.7378,-0.2866,6.768,7.195,1.646,2,13
0.7471,-0.7344,-0.2949,6.585,7.561,1.646,2,13
0.7603,-0.7383,-0.2930,6.220,8.049,1.341,2,13
0.7534,-0.7373,-0.2969,5.793,7.988,1.280,2,13
0.7500,-0.7417,-0.2939,5.671,8.232,1.280,2,13
0.7563,-0.7451,-0.2964,5.244,8.537,0.976,2,13
0.7524,-0.7412,-0.2949,4.878,8.780,0.976,2,13
0.7568,-0.7461,-0.2939,4.878,8.720,0.793,2,13
0.7588,0.5610,-0.2959,2.378,-3.963,-3.476,1,13
0.7632,0.5654,-0.2979,2.012,-3.902,-3.293,1,13
0.7690,0.5698,-0.3027,1.524,-4.146,-2.683,1,13
0.7695,0.5718,-0.2993,1.220,-4.024,-2.439,1,13
0.7759,0.5649,-0.3047,0.915,-4.085,-2.134,1,13
0.7793,0.5732,-0.3022,0.000,-4.268,-1.951,1,13
0.7817,0.5723,-0.2988,-0.244,-3.902,-1.341,1,13
0.7734,0.5664,-0.3086,-0.549,-4.024,-1.037,1,13
0.7891,0.5928,-0.3062,-1.890,-6.220,2.744,1,13
0.7886,0.5894,-0.3018,-1.890,-6.402,3.232,1,13
0.7930,0.5869,-0.3066,-1.829,-6.463,3.110,1,13
0.7886,0.5918,-0.3037,-1.463,-6.646,3.415,1,13
0.7896,0.5869,-0.3047,-1.707,-6.707,3.780,1,13
0.7847,0.5786,-0.3062,-1.159,-6.768,4.085,1,13
0.7920,0.5747,-0.3062,-1.037,-6.707,4.329,1,13
0.7988,0.5679,-0.3120,-0.671,-6.524,4.817,1,13
0.7852,0.5698,-0.3086,0.366,-5.549,4.329,1,13
0.7822,0.5811,-0.3027,0.610,-5.549,4.390,1,13
0.7754,0.5850,-0.2988,0.549,-5.366,4.085,1,13
0.7705,0.5981,-0.3037,0.976,-5.122,3.902,1,13
0.7632,0.5942,-0.3008,0.976,-4.817,3.659,1,13
0.7598,0.6064,-0.3027,1.768,-4.817,3.902,1,13
0.7534,0.6011,-0.2969,2.256,-4.390,4.146,1,13
0.7456,0.6006,-0.2993,2.927,-4.390,4.146,1,13
0.7480,0.6011,-0.3037,3.537,-3.902,4.207,1,13
0.7422,0.5991,-0.3018,4.573,-3.841,4.512,1,13
0.7319,0.5947,-0.3032,5.305,-3.476,4.695,1,13
0.7310,0.5854,-0.2969,6.159,-2.866,5.061,1,13
0.7354,0.5791,-0.2886,6.829,-2.683,5.244,1,13
0.7344,0.5771,-0.2910,7.378,-2.195,5.183,1,13
0.7319,0.5698,-0.2891,7.927,-1.585,5.488,1,13
0.7344,0.5728,-0.2910,7.927,-1.280,5.549,1,13
0.7256,0.5264,-0.2505,7.988,1.220,5.915,1,13
0.7246,0.5249,-0.2476,7.378,1.280,5.549,1,13
0.7285,0.5161,-0.2510,6.951,1.463,5.732,1,13
0.7275,0.5142,-0.2397,6.402,1.341,5.122,1,13
0.7295,0.5112,-0.2397,5.976,1.402,4.939,1,13
0.7261,0.5161,-0.2378,5.854,1.402,4.695,1,13
0.7246,0.5107,-0.2383,5.305,1.463,4.329,1,13
0.7178,0.5044,-0.2383,4.756,1.524,3.902,1,13
0.7002,0.4839,-0.2222,-3.841,4.390,-0.854,1,13
0.6968,0.4824,-0.2192,-5.061,5.183,-1.280,1,13
0.6934,0.4819,-0.2129,-6.280,5.427,-1.829,1,13
0.6978,0.4858,-0.2144,-7.134,5.793,-2.500,1,13
0.6924,0.4800,-0.2109,-7.744,5.732,-2.927,1,13
0.6899,0.4844,-0.2183,-8.902,5.976,-3.049,1,13
0.6875,0.4839,-0.2153,-9.695,6.159,-3.293,1,13
0.6919,0.4829,-0.2104,-10.488,6.768,-3.049,1,13
0.7041,0.4854,-0.1973,-10.427,10.427,-3.659,1,13
0.7070,0.4888,-0.1968,-10.122,11.098,-3.476,1,13
0.7139,0.4878,-0.1914,-9.695,11.402,-3.659,1,13
0.7241,0.4839,-0.1855,-8.537,11.463,-3.720,1,13
0.7300,0.4912,-0.1836,-8.232,11.220,-3.537,1,13
0.7427,0.5068,-0.1826,-7.683,10.732,-3.537,1,13
0.7568,0.5142,-0.1694,-7.622,10.366,-3.841,1,13
0.7622,0.5195,-0.1719,-8.171,9.390,-3.720,1,13
0.7515,0.5742,-0.1616,-9.939,3.354,-4.390,1,13
0.7417,0.5732,-0.1567,-10.305,3.049,-4.390,1,13
0.7402,0.5698,-0.1597,-11.463,2.622,-4.207,1,13
0.7344,0.5635,-0.1685,-12.378,2.683,-3.841,1,13
0.7354,0.5566,-0.1724,-13.354,2.866,-3.720,1,13
0.7300,0.5532,-0.1729,-14.695,3.354,-3.902,1,13
0.7300,0.5381,-0.1709,-15.610,3.232,-3.902,1,13
0.7324,0.5396,-0.1855,-16.951,3.537,-4.207,1,13
0.7417,0.5332,-0.2095,-26.646,5.549,-2.500,1,13
0.7559,0.5313,-0.2100,-26.829,5.671,-1.707,1,13
0.7529,0.5347,-0.2148,-26.768,5.854,-1.341,1,13
0.7593,0.5430,-0.2183,-26.646,6.585,-0.610,1,13
0.7573,0.5454,-0.2153,-26.463,6.646,0.244,1,13
0.7583,0.5542,-0.2183,-25.427,7.073,0.915,1,13
0.7588,0.5547,-0.2153,-25.366,7.439,1.280,1,13
0.7607,0.5645,-0.2139,-24.817,7.866,1.707,1,13
0.7700,0.5586,-0.2236,-15.183,8.476,4.451,1,13
0.7715,0.5532,-0.2222,-14.878,7.744,4.634,1,13
0.7661,0.5454,-0.2212,-14.085,7.683,4.939,1,13
0.7632,0.5430,-0.2261,-12.988,7.256,4.878,1,13
0.7603,0.5405,-0.2349,-12.134,7.134,5.244,1,13
0.7593,0.5283,-0.2432,-11.524,7.073,5.305,1,13
0.7646,0.5254,-0.2466,-11.037,7.012,4.939,1,13
0.7598,0.5259,-0.2500,-10.793,7.256,4.878,1,13
0.7466,0.4893,-0.2446,-14.512,11.037,2.866,1,13
0.7446,0.4858,-0.2471,-15.183,11.220,2.683,1,13
0.7524,0.4883,-0.2446,-15.549,11.768,2.622,1,13
0.7510,0.4810,-0.2466,-16.037,12.378,2.317,1,13
0.7466,0.4780,-0.2358,-16.768,12.927,2.134,1,13
0.7485,0.4790,-0.2354,-17.317,13.841,1.707,1,13
0.7485,0.4741,-0.2241,-17.622,13.963,1.707,1,13
0.7466,0.4761,-0.2300,-18.293,14.512,1.402,1,13
0.7505,0.4692,-0.2285,-18.659,14.573,1.037,1,13
0.7627,0.4702,-0.2158,-19.268,14.878,0.793,1,13
0.7607,0.4663,-0.2100,-20.061,15.000,0.671,1,13
0.7627,0.4639,-0.2192,-20.671,15.244,0.244,1,13
0.7612,0.4604,-0.2119,-21.463,15.366,0.183,1,13
0.7642,0.4604,-0.2124,-22.500,15.549,-0.061,1,13
0.7593,0.4546,-0.2002,-22.988,15.976,-0.366,1,13
0.7666,0.4463,-0.1904,-23.841,15.793,-0.671,1,13
0.7593,0.4263,-0.1646,-31.280,13.780,-6.037,1,13
0.7480,0.4165,-0.1714,-32.195,13.476,-6.707,1,13
0.7524,0.4116,-0.1660,-33.720,13.049,-7.134,1,13
0.7520,0.4155,-0.1685,-35.183,13.049,-7.622,1,13
0.7432,0.4155,-0.1743,-36.220,12.561,-7.744,1,13
0.7437,0.4170,-0.1748,-37.439,12.378,-8.232,1,13
0.7368,0.4160,-0.1689,-38.841,12.622,-8.720,1,13
0.7363,0.4194,-0.1714,-40.610,12.622,-9.268,1,13
0.7114,0.4014,-0.1748,-57.317,16.220,-14.634,1,13
0.7100,0.3848,-0.1792,-58.659,16.037,-15.244,1,13
0.7017,0.3804,-0.1772,-60.244,16.037,-15.976,1,13
0.7075,0.3657,-0.1753,-61.341,15.854,-16.829,1,13
0.7036,0.3540,-0.1851,-62.988,15.488,-17.561,1,13
0.6978,0.3452,-0.1768,-64.329,15.610,-18.232,1,13
0.6963,0.3408,-0.1763,-65.915,15.183,-18.963,1,13
0.6885,0.3325,-0.1860,-67.500,15.000,-19.329,1,13
0.6279,0.2886,-0.1479,-88.841,13.902,-28.171,1,13
0.6211,0.2871,-0.1396,-89.878,13.780,-28.720,1,13
0.6099,0.2852,-0.1387,-92.195,13.476,-29.512,1,13
0.6045,0.2939,-0.1377,-94.451,13.537,-30.610,1,13
0.5957,0.2969,-0.1304,-96.463,13.110,-31.220,1,13
0.5811,0.2939,-0.1338,-98.780,12.744,-32.012,1,13
0.5791,0.3042,-0.1338,-100.122,12.988,-32.561,1,13
0.5674,0.2949,-0.1357,-101.646,12.744,-33.354,1,13
0.5215,0.2070,-0.1611,-120.305,15.671,-37.805,1,13
0.5181,0.1904,-0.1631,-122.927,16.037,-38.415,1,13
0.5137,0.1772,-0.1699,-125.122,16.341,-39.451,1,13
0.5137,0.1650,-0.1821,-127.256,16.890,-40.732,1,13
0.5049,0.1582,-0.1860,-129.817,17.439,-42.134,1,13
0.5073,0.1426,-0.1792,-132.012,18.476,-43.537,1,13
0.5000,0.1372,-0.1812,-135.366,19.085,-45.122,1,13
0.4946,0.1274,-0.1802,-138.476,19.634,-46.890,1,13
0.4233,0.0552,-0.1704,-168.293,24.878,-67.500,1,13
0.4116,0.0503,-0.1509,-171.951,25.305,-70.610,1,13
0.4043,0.0527,-0.1406,-176.341,26.280,-73.598,1,13
0.3794,0.0552,-0.1323,-180.976,27.317,-77.134,1,13
0.3589,0.0479,-0.1240,-185.671,27.866,-80.610,1,13
0.3423,0.0596,-0.1162,-190.122,28.963,-83.963,1,13
0.3203,0.0630,-0.1060,-194.390,29.817,-87.073,1,13
0.3105,0.0796,-0.0996,-198.415,30.793,-90.061,1,13
-0.1816,0.2666,-0.0820,-254.390,55.305,-155.183,1,13
-0.2158,0.2656,-0.0835,-256.829,58.171,-157.866,1,13
-0.2417,0.2651,-0.0811,-258.659,60.976,-160.183,1,13
-0.2715,0.2690,-0.0840,-259.939,63.902,-162.012,1,13
-0.3027,0.2646,-0.0635,-261.646,67.195,-164.085,1,13
-0.3306,0.2725,-0.0571,-263.110,70.732,-166.585,1,13
-0.3657,0.2773,-0.0513,-263.537,74.451,-168.963,1,13
-0.3911,0.2886,-0.0347,-264.695,78.171,-172.073,1,13
-0.8398,0.3975,0.1792,-291.037,164.024,-185.305,1,13
-0.8511,0.4316,0.2158,-295.122,172.988,-185.366,1,13
-0.8579,0.4634,0.2573,-298.110,183.049,-185.366,1,13
-0.8584,0.4907,0.2852,-298.902,194.695,-184.878,1,13
-0.8452,0.5269,0.3228,-298.354,207.012,-183.841,1,13
-0.8242,0.5820,0.3511,-295.732,220.488,-182.317,1,13
-0.7910,0.6431,0.3726,-290.427,234.573,-180.305,1,13
-0.7456,0.7222,0.4111,-283.476,248.476,-177.256,1,13
1.3765,3.1777,1.1597,-48.902,471.829,-158.537,1,13
1.7769,3.2827,1.3926,-39.390,475.244,-154.878,1,13
2.2598,3.3481,1.6362,-28.415,469.939,-150.183,1,13
2.8252,3.3901,1.9492,-17.378,454.817,-144.512,1,13
3.5210,3.4033,2.1655,-5.793,428.598,-136.402,1,13
4.2437,3.3970,2.3711,13.659,391.463,-126.524,1,13
4.8560,3.3774,2.6523,38.841,344.390,-117.805,1,13
5.3184,3.3628,2.8945,65.366,283.171,-116.280,1,13
6.8345,4.5889,3.1899,145.549,24.146,-214.878,1,13
6.7334,4.8037,3.3521,148.171,3.110,-205.366,1,13
6.7476,5.0898,3.5488,153.659,-24.634,-190.122,1,13
6.7222,5.2700,3.6025,157.073,-54.146,-170.122,1,13
7.0474,5.3496,3.7500,163.232,-81.463,-149.573,1,13
7.1265,5.4326,3.8828,166.463,-101.951,-110.488,1,13
7.0664,5.3052,4.0342,165.305,-124.878,-69.390,1,13
6.9458,4.9932,4.1440,165.671,-150.732,-32.012,1,13
4.7617,3.5078,4.0020,82.927,-326.402,161.159,1,13
4.5269,3.5576,3.9136,94.512,-330.488,179.085,1,13
4.2925,3.6362,3.8530,114.634,-332.805,197.683,1,13
4.0400,3.7178,3.7852,141.220,-332.256,216.829,1,13
3.7534,3.7871,3.6938,173.171,-330.549,236.037,1,13
3.4717,3.8354,3.5654,210.854,-327.195,253.659,1,13
3.1836,3.8872,3.4790,255.061,-320.244,270.854,1,13
2.8901,3.9629,3.4468,302.622,-307.805,287.561,1,13
-2.9087,-7.3687,8.4170,559.024,96.463,576.646,1,13
-5.4692,-11.8281,9.6377,716.098,30.732,529.573,1,13
-8.9194,-13.6797,10.2603,934.939,-216.585,335.183,1,13
-13.8413,-14.6533,12.6279,1057.439,-653.110,54.390,1,13
-15.9766,-4.0352,-10.0225,-359.512,-777.073,20.732,1,13
-16.0000,-10.4985,-9.7017,-815.122,-449.634,105.427,1,13
-16.0000,-5.4331,1.9019,-328.537,-62.866,-36.951,1,13
-10.3887,-0.9883,3.6509,17.622,138.902,-40.000,1,13
2.0752,-0.1338,0.3818,-44.024,181.646,61.098,2,13
2.1089,-0.1377,0.3828,-46.646,177.439,59.268,2,13
2.1260,-0.1406,0.3784,-49.939,172.378,57.378,2,13
2.1670,-0.1309,0.3511,-54.695,166.951,55.915,2,13
2.1890,-0.1196,0.3047,-61.463,161.159,54.756,2,13
2.1953,-0.1006,0.2388,-68.841,155.122,53.963,2,13
2.1797,-0.0806,0.1660,-76.463,149.146,53.415,2,13
2.1582,-0.0532,0.0967,-83.780,143.720,53.720,2,13
-5.2134,1.5278,2.8613,122.683,205.000,52.073,1,13
-2.8970,2.3262,2.9531,127.012,223.780,67.439,1,13
-1.6455,2.7617,3.0469,54.024,210.183,35.122,1,13
-1.4395,3.3374,3.2495,-56.037,185.549,35.122,1,13
-1.2759,3.9766,3.5078,-161.707,145.183,83.110,1,13
-1.2930,4.7583,3.5752,-244.146,89.329,166.890,1,13
-1.6748,5.8071,3.5093,-296.280,23.963,256.341,1,13
-2.2729,6.7363,3.2695,-329.573,-25.427,303.598,1,13
-3.0630,7.7080,2.3960,-349.146,-5.915,310.793,1,13
-4.0215,8.1665,2.0596,-326.768,49.451,298.902,1,13
-4.6914,8.3931,1.9668,-281.890,83.049,250.671,1,13
-5.1377,8.2603,2.2886,-231.768,95.976,169.451,1,13
-5.0308,7.6445,2.4497,-192.134,85.671,103.415,1,13
-4.4160,6.5962,2.1836,-155.976,59.756,61.585,1,13
-3.6997,5.3726,1.8662,-123.049,27.988,35.366,1,13
-3.1187,4.3076,1.6177,-106.829,-2.073,19.634,1,13
-2.7061,-2.1528,-0.2573,-74.268,-152.073,-13.659,1,13
-2.6626,-2.4033,-0.3472,-65.305,-164.573,-2.256,1,13
-2.5718,-2.4893,-0.3965,-59.634,-173.598,7.439,1,13
-2.4604,-2.4175,-0.3857,-57.256,-181.098,13.902,1,13
-2.3335,-2.3125,-0.3208,-59.756,-186.463,16.402,1,13
-2.1919,-2.1709,-0.2441,-62.073,-190.427,16.524,1,13
-2.0586,-2.0044,-0.2451,-62.683,-193.659,16.524,1,13
-1.9419,-1.7974,-0.3179,-60.610,-197.805,17.378,1,13
-1.8550,-1.5298,-0.4561,-56.159,-203.537,20.000,1,13
-1.7646,-1.2261,-0.5845,-51.341,-210.915,22.927,1,13
-1.7329,-0.9453,-0.6563,-48.232,-217.805,26.159,1,13
-1.7627,-0.7134,-0.6504,-45.488,-222.866,26.402,1,13
-1.8320,-0.5664,-0.5625,-42.622,-225.305,21.585,1,13
-1.9004,-0.5039,-0.4902,-37.744,-224.512,12.439,1,13
-1.9551,-0.4839,-0.4297,-27.683,-221.341,-0.854,1,13
-2.0034,-0.4717,-0.4092,-14.634,-215.183,-15.488,1,13
-2.0449,-0.4541,-0.4092,-1.402,-206.890,-30.061,1,13
-2.0537,-0.4204,-0.4209,7.866,-196.768,-42.866,1,13
-2.0474,-0.4004,-0.4336,12.012,-186.585,-54.207,1,13
-2.0146,-0.3838,-0.4585,11.341,-176.402,-64.024,1,13
-1.9395,-0.3760,-0.4683,6.890,-168.171,-73.476,1,13
-1.8477,-0.3755,-0.4619,-0.915,-161.463,-82.256,1,13
-1.7285,-0.3535,-0.4458,-10.549,-155.793,-90.793,1,13
-1.5933,-0.3081,-0.4199,-22.866,-151.707,-98.841,1,13
-0.1655,1.2998,0.0786,-77.927,-5.183,-68.293,1,13
-0.1572,1.2007,0.1157,-81.524,-3.354,-71.707,1,13
-0.1538,1.1201,0.1133,-86.098,-2.012,-75.732,1,13
-0.1348,1.0488,0.1162,-91.890,-0.244,-80.305,1,13
-0.1108,0.9893,0.1211,-98.476,2.012,-85.000,1,13
-0.0840,0.9600,0.0952,-106.585,4.939,-89.207,1,13
-0.0405,0.9453,0.0659,-114.756,8.232,-93.110,1,13
-0.0093,0.9507,0.0439,-124.024,12.622,-96.159,1,13
0.3462,1.5054,0.1318,-192.866,103.476,-100.671,1,13
0.4019,1.5571,0.1748,-192.744,112.744,-100.427,1,13
0.4468,1.6104,0.2163,-191.585,120.854,-100.244,1,13
0.4917,1.6484,0.2749,-189.451,127.439,-99.878,1,13
0.5381,1.6938,0.3491,-186.707,132.561,-99.817,1,13
0.5923,1.7207,0.4155,-184.939,135.732,-98.963,1,13
0.6489,1.7310,0.4741,-183.110,138.110,-98.110,1,13
0.6987,1.7393,0.5352,-182.378,139.207,-96.890,1,13
1.0327,1.7251,0.5698,-172.683,101.707,-91.463,1,13
1.0493,1.7954,0.5259,-171.341,96.890,-90.793,1,13
1.0630,1.8672,0.4976,-169.573,93.537,-89.695,1,13
1.0771,1.9473,0.4492,-167.866,92.073,-88.415,1,13
1.0947,2.0278,0.4087,-165.366,92.439,-86.098,1,13
1.1187,2.1123,0.3677,-162.378,95.183,-82.988,1,13
1.1416,2.1763,0.3398,-157.866,99.207,-78.780,1,13
1.1753,2.2422,0.3237,-153.110,103.659,-73.659,1,13
1.3569,2.2686,0.5884,-74.817,99.451,-15.610,1,13
1.3657,2.2393,0.6084,-65.610,92.805,-10.000,1,13
1.3789,2.2114,0.6162,-56.098,85.732,-5.244,1,13
1.3818,2.1865,0.6230,-47.378,78.049,-0.366,1,13
1.3833,2.1685,0.6040,-38.537,71.341,4.085,1,13
1.3862,2.1572,0.5894,-29.817,64.024,8.537,1,13
1.3965,2.1519,0.5601,-21.890,57.500,12.805,1,13
1.3989,2.1611,0.5356,-14.634,51.646,17.683,1,13
1.3936,2.1592,0.5132,-7.805,46.951,22.988,1,13
1.4023,2.1724,0.4907,-1.098,42.622,29.207,1,13
1.3940,2.1675,0.4629,6.402,39.329,35.671,1,13
1.3984,2.1738,0.4414,13.720,36.280,42.378,1,13
1.3931,2.1602,0.4341,20.854,33.354,49.390,1,13
1.3853,2.1392,0.4146,29.207,30.305,56.220,1,13
1.3774,2.1089,0.4033,37.378,27.378,63.110,1,13
1.3633,2.0737,0.3979,46.159,23.963,69.939,1,13
1.1226,1.5859,0.4063,104.878,-6.951,115.976,1,13
1.1025,1.5635,0.4126,105.671,-7.683,117.195,1,13
1.0664,1.5254,0.4180,107.500,-9.573,119.512,1,13
1.0015,1.4834,0.4346,108.841,-11.463,122.988,1,13
0.9478,1.4541,0.4512,108.963,-11.890,124.695,1,13
0.9150,1.4194,0.4780,109.024,-11.829,127.195,1,13
0.8804,1.3848,0.4888,108.780,-11.524,130.366,1,13
0.8569,1.3389,0.4951,108.841,-11.159,134.268,1,13
0.6880,0.7993,0.5400,104.573,-10.671,170.000,1,13
0.6807,0.7427,0.5474,102.439,-10.976,172.195,1,13
0.6699,0.6890,0.5542,100.000,-11.341,174.146,1,13
0.6533,0.6406,0.5601,97.378,-11.646,175.183,1,13
0.6499,0.5967,0.5581,95.244,-11.585,175.976,1,13
0.6445,0.5679,0.5439,92.439,-11.402,176.037,1,13
0.6436,0.5264,0.5391,90.305,-10.549,175.610,1,13
0.6362,0.5015,0.5356,87.805,-10.244,175.061,1,13
0.5767,0.3389,0.5742,52.927,-0.122,164.390,1,13
0.5869,0.3096,0.5527,50.549,0.915,163.841,1,13
0.5762,0.2944,0.5303,48.537,2.256,163.476,1,13
0.5811,0.2612,0.5259,47.195,3.598,162.744,1,13
0.6060,0.2319,0.5303,44.939,5.122,162.927,1,13
0.6147,0.2119,0.5430,42.195,6.524,162.683,1,13
0.6309,0.1724,0.5576,37.805,7.195,163.110,1,13
0.6343,0.1411,0.5596,32.866,7.561,162.744,1,13
0.5415,-0.0791,0.4800,10.061,6.463,138.720,1,13
0.5264,-0.1118,0.4766,7.073,7.561,134.634,1,13
0.5078,-0.1431,0.4683,4.817,8.841,130.854,1,13
0.4951,-0.1733,0.4463,2.195,10.061,126.829,1,13
0.4746,-0.2065,0.4438,-1.098,11.829,123.171,1,13
0.4561,-0.2432,0.4258,-3.598,13.415,119.207,1,13
0.4360,-0.2739,0.4185,-6.707,14.878,114.634,1,13
0.4067,-0.3042,0.4180,-10.488,16.646,109.939,1,13
0.0444,-0.4951,0.3555,-92.622,41.341,3.110,1,13
0.0269,-0.4595,0.3311,-97.073,41.341,-2.012,1,13
0.0088,-0.4277,0.3047,-101.159,41.280,-7.744,1,13
-0.0063,-0.4067,0.2720,-104.817,41.280,-12.744,1,13
-0.0176,-0.3682,0.2432,-108.415,41.220,-17.683,1,13
-0.0293,-0.3311,0.2236,-112.073,40.854,-22.500,1,13
-0.0464,-0.3081,0.2031,-116.463,41.037,-26.707,1,13
-0.0576,-0.2764,0.1890,-121.707,40.976,-31.280,1,13
-0.3555,0.0854,-0.1958,-207.134,44.146,-102.683,1,13
-0.3804,0.1118,-0.2222,-213.171,46.037,-107.012,1,13
-0.3911,0.1309,-0.2422,-217.927,48.415,-111.341,1,13
-0.3984,0.1660,-0.2686,-222.927,50.610,-115.244,1,13
-0.4150,0.1826,-0.2974,-227.378,53.232,-119.207,1,13
-0.4277,0.2061,-0.3198,-232.073,55.976,-122.866,1,13
-0.4380,0.2241,-0.3452,-237.195,59.817,-126.585,1,13
-0.4492,0.2524,-0.3726,-242.073,64.207,-130.122,1,13
-0.4731,0.8560,-0.4556,-265.732,118.902,-152.561,1,13
-0.4814,0.9194,-0.4565,-267.073,126.159,-153.902,1,13
-0.4741,0.9731,-0.4731,-266.890,133.963,-154.512,1,13
-0.4673,1.0269,-0.4668,-264.695,142.439,-154.878,1,13
-0.4546,1.0752,-0.4419,-261.768,152.134,-155.549,1,13
-0.4424,1.1357,-0.3994,-257.561,162.256,-156.402,1,13
-0.4204,1.1841,-0.3496,-253.110,173.110,-157.927,1,13
-0.4072,1.2339,-0.3105,-246.463,184.390,-159.573,1,13
0.1836,1.6138,0.3472,-180.915,282.134,-164.939,1,13
0.2842,1.6616,0.4136,-174.146,292.378,-161.402,1,13
0.3848,1.7207,0.4849,-167.622,302.988,-156.585,1,13
0.4971,1.7910,0.5581,-162.561,313.598,-151.768,1,13
0.6226,1.8647,0.6250,-158.598,325.183,-145.793,1,13
0.7573,1.9531,0.7085,-155.854,337.012,-139.390,1,13
0.9131,2.0508,0.8032,-155.854,348.476,-132.134,1,13
1.0977,2.1416,0.9067,-156.951,359.695,-123.659,1,13
4.0220,3.6836,1.7925,-91.646,349.512,-100.976,1,13
4.4580,3.9932,2.0249,-60.000,329.085,-112.317,1,13
4.8813,4.3037,2.1831,-19.878,304.146,-124.268,1,13
5.3159,4.6406,2.3760,28.659,273.354,-137.256,1,13
5.7539,4.9878,2.5117,82.134,238.659,-148.232,1,13
6.1777,5.2368,2.5986,141.768,202.500,-159.634,1,13
6.6807,5.4155,2.6748,206.829,170.793,-165.610,1,13
7.3164,5.6152,2.8091,271.646,147.927,-153.963,1,13
7.4639,3.8770,4.3389,479.695,-121.890,36.646,1,13
7.3823,3.6699,4.5269,467.073,-146.707,56.951,1,13
7.2061,3.4365,4.6689,457.378,-176.098,75.671,1,13
6.9937,3.2256,4.7490,451.646,-208.537,92.500,1,13
6.7539,3.0527,4.7603,447.500,-240.732,108.841,1,13
6.5195,2.9282,4.6938,442.256,-270.000,125.122,1,13
6.2720,2.8477,4.5981,435.305,-292.927,141.037,1,13
6.0068,2.7939,4.4878,427.439,-308.659,157.012,1,13
5.7285,2.7563,4.3979,418.537,-317.866,172.805,1,13
5.4468,2.7173,4.3374,408.293,-322.439,188.537,1,13
5.1416,2.6685,4.2891,398.537,-324.573,203.720,1,13
4.8325,2.6201,4.2393,389.390,-326.220,218.659,1,13
4.5347,2.5938,4.1387,381.829,-327.317,233.232,1,13
4.2422,2.5742,3.9844,377.744,-329.451,247.378,1,13
3.9302,2.5723,3.8521,376.646,-332.195,261.524,1,13
3.6230,2.5684,3.7100,377.073,-333.902,274.939,1,13
0.1875,1.6963,1.5361,480.366,15.244,369.146,1,13
0.4609,0.8657,1.6655,475.000,40.183,368.476,1,13
0.4019,-1.5010,3.7949,474.146,93.902,417.927,1,13
-1.7422,-3.4800,5.3940,501.098,154.939,445.610,1,13
-3.7095,-5.9014,8.0693,584.573,162.744,379.939,1,13
-6.2241,-8.8735,10.6260,612.439,126.402,238.232,1,13
-11.7065,-12.2578,12.7178,764.146,-113.841,27.805,1,13
-16.0000,-6.4131,14.1558,693.902,-703.415,-340.549,1,13
-0.8916,3.1240,5.1797,-56.646,228.720,44.329,1,13
-0.7266,3.8545,4.6968,-140.427,151.951,97.866,1,13
-0.8989,4.7393,4.3833,-202.500,45.244,142.744,1,13
-1.2007,5.6392,3.9419,-239.512,-69.756,165.854,1,13
-1.4707,6.8540,3.2554,-257.073,-160.305,173.659,1,13
-1.7681,9.0586,1.6318,-320.915,-148.354,203.537,1,13
-3.3057,8.5220,1.6890,-343.598,-43.902,265.793,1,13
-4.5859,7.6860,1.8457,-253.537,24.512,238.780,1,13
-4.2090,-0.7754,-1.2153,-4.939,-45.000,-39.695,1,13
-4.1670,-1.2554,-1.5313,9.329,-49.878,-44.573,1,13
-4.0078,-1.5215,-1.6040,38.537,-62.439,-40.549,1,13
-3.7310,-1.7520,-1.5498,53.720,-75.244,-35.061,1,13
-3.3535,-1.9341,-1.4570,63.659,-91.707,-33.049,1,13
-2.9429,-2.1001,-1.0010,61.890,-109.207,-36.707,1,13
-2.6157,-2.1880,-0.7544,45.183,-122.500,-40.854,1,13
-2.3945,-2.2603,-0.6460,23.902,-137.500,-36.159,1,13
1.7173,0.4165,-0.2554,67.073,127.561,78.841,2,13
1.7393,0.4272,-0.2720,75.732,121.890,74.695,2,13
1.7485,0.4312,-0.2944,83.780,115.793,71.280,2,13
1.7466,0.4399,-0.3076,90.427,109.451,67.866,2,13
1.7539,0.4399,-0.3350,97.073,102.683,65.061,2,13
1.7554,0.4292,-0.3613,101.951,95.793,62.317,2,13
1.7412,0.4219,-0.3770,106.585,88.415,60.000,2,13
1.7319,0.4063,-0.4087,110.061,80.793,57.988,2,13
-2.2607,-2.2700,-0.6367,3.963,-154.512,-24.512,1,13
-2.2061,-2.2695,-0.6035,-18.780,-173.902,-7.195,1,13
-2.2002,-2.2847,-0.5396,-42.927,-191.890,7.134,1,13
-2.2241,-2.2891,-0.4912,-66.402,-207.439,15.122,1,13
-2.2588,-2.2681,-0.4312,-87.866,-219.573,15.793,1,13
-2.2813,-2.2773,-0.4097,-106.037,-225.671,9.573,1,13
-2.2856,-2.2280,-0.4233,-118.902,-226.890,-4.512,1,13
-2.2656,-2.0415,-0.4678,-130.854,-226.037,-17.927,1,13
-2.1260,-0.1548,-0.1777,-181.707,-178.232,-83.780,1,13
-2.0708,-0.0093,-0.2007,-174.817,-163.659,-86.402,1,13
-1.9834,0.1396,-0.2217,-167.988,-149.329,-89.085,1,13
-1.8760,0.2622,-0.2334,-161.402,-135.671,-91.524,1,13
-1.7505,0.3804,-0.2349,-155.305,-124.024,-94.878,1,13
-1.6113,0.4912,-0.2349,-148.293,-113.902,-99.146,1,13
-1.4604,0.5967,-0.2222,-141.341,-104.878,-103.354,1,13
-1.3345,0.6987,-0.2012,-134.268,-96.951,-107.622,1,13
-0.3843,1.2500,0.0322,-97.256,-26.341,-110.305,1,13
-0.2969,1.2671,0.0591,-97.012,-10.610,-109.878,1,13
-0.2217,1.2798,0.1167,-98.537,6.037,-109.695,1,13
-0.1719,1.3003,0.1724,-102.073,23.963,-109.085,1,13
-0.1143,1.2891,0.2378,-108.476,42.256,-109.573,1,13
-0.0605,1.2720,0.2764,-114.573,60.610,-109.878,1,13
-0.0195,1.2520,0.3242,-119.329,78.171,-110.549,1,13
0.0352,1.2358,0.3701,-122.317,92.683,-110.671,1,13
0.5142,1.5601,0.6919,-140.976,112.927,-126.402,1,13
0.5615,1.6279,0.7168,-147.195,108.902,-127.256,1,13
0.5991,1.7085,0.7202,-153.659,106.098,-127.866,1,13
0.6318,1.7813,0.7246,-160.488,104.207,-127.195,1,13
0.6631,1.8428,0.7368,-167.317,103.720,-126.585,1,13
0.6836,1.9092,0.7471,-173.902,105.427,-125.000,1,13
0.7153,1.9722,0.7466,-181.037,107.988,-122.805,1,13
0.7539,2.0342,0.7466,-187.744,111.890,-120.366,1,13
1.2021,2.6104,0.8208,-214.939,156.280,-72.500,1,13
1.2720,2.6509,0.8447,-210.427,159.817,-65.061,1,13
1.3574,2.6821,0.8721,-204.634,162.073,-57.012,1,13
1.4443,2.7139,0.9053,-197.134,163.110,-48.780,1,13
1.5215,2.7207,0.9385,-188.841,162.988,-40.305,1,13
1.6069,2.7275,0.9648,-180.061,161.159,-31.707,1,13
1.6626,2.7202,1.0186,-169.695,157.561,-22.622,1,13
1.7266,2.6836,1.0376,-158.659,152.500,-14.085,1,13
1.8838,2.4136,1.0449,-37.195,68.659,39.207,1,13
1.8687,2.3848,1.0054,-27.988,63.415,43.354,1,13
1.8589,2.3623,0.9756,-20.000,58.963,47.866,1,13
1.8540,2.3198,0.9536,-13.476,55.793,52.561,1,13
1.8477,2.2788,0.9380,-8.963,52.500,56.951,1,13
1.8486,2.2173,0.9248,-5.305,49.634,61.524,1,13
1.8535,2.1616,0.9146,-2.988,46.463,66.098,1,13
1.8511,2.0986,0.9023,-0.854,43.659,70.244,1,13
1.8774,1.6860,0.8799,-21.280,9.634,88.537,1,13
1.8560,1.6606,0.8623,-25.061,5.305,88.354,1,13
1.8271,1.6387,0.8413,-27.073,0.366,87.866,1,13
1.8154,1.6240,0.8389,-27.927,-4.817,86.707,1,13
1.7944,1.6274,0.8198,-28.354,-10.427,86.037,1,13
1.7788,1.6392,0.8076,-27.927,-16.280,86.098,1,13
1.7539,1.6484,0.7817,-27.134,-22.439,86.707,1,13
1.7490,1.6699,0.7363,-24.756,-28.354,89.207,1,13
0.6914,0.7563,0.3008,112.256,-123.841,195.976,1,13
0.6650,0.7363,0.2983,112.256,-124.085,196.280,1,13
0.6387,0.6812,0.3032,111.159,-123.963,196.280,1,13
0.5996,0.6289,0.3149,109.085,-123.415,196.159,1,13
0.5669,0.5811,0.3047,107.134,-122.195,195.854,1,13
0.5244,0.5200,0.2876,105.000,-119.878,195.061,1,13
0.5103,0.4995,0.2856,104.756,-118.902,194.939,1,13
0.4673,0.4443,0.2705,102.073,-116.037,193.963,1,13
0.3276,0.2271,0.2261,100.183,-92.439,183.841,1,13
0.3164,0.2114,0.2207,101.098,-89.634,181.646,1,13
0.2964,0.1938,0.2329,101.524,-87.073,179.573,1,13
0.2900,0.1685,0.2192,102.317,-84.634,177.256,1,13
0.2783,0.1577,0.2207,104.695,-82.561,175.244,1,13
0.2676,0.1353,0.2129,106.829,-80.549,173.110,1,13
0.2632,0.1284,0.2227,109.268,-78.720,171.463,1,13
0.2505,0.1011,0.2148,112.012,-76.951,169.634,1,13
0.1206,-0.1187,0.2148,135.976,-61.585,141.585,1,13
0.1064,-0.1475,0.2090,139.085,-58.659,137.012,1,13
0.0938,-0.1724,0.2192,141.890,-55.793,132.134,1,13
0.0815,-0.1938,0.2324,143.476,-52.378,127.439,1,13
0.0693,-0.2310,0.2534,144.634,-48.841,122.439,1,13
0.0605,-0.2568,0.2773,145.610,-45.244,117.805,1,13
0.0571,-0.2964,0.2949,147.195,-41.768,113.232,1,13
0.0522,-0.3452,0.3071,148.537,-38.537,108.780,1,13
0.0317,-0.7563,0.3408,146.037,-24.512,60.488,1,13
0.0288,-0.7959,0.3486,142.134,-24.085,53.537,1,13
0.0200,-0.8447,0.3604,136.707,-23.902,46.098,1,13
0.0171,-0.8940,0.3545,130.793,-23.415,38.476,1,13
0.0059,-0.9443,0.3452,123.720,-22.805,30.305,1,13
-0.0063,-0.9941,0.3364,115.488,-22.378,22.012,1,13
-0.0156,-1.0439,0.3384,106.585,-21.707,13.171,1,13
-0.0342,-1.0786,0.3291,96.280,-21.341,4.024,1,13
-0.2954,-1.3452,0.2651,-29.573,-12.622,-97.378,1,13
-0.3120,-1.3540,0.2568,-36.890,-11.768,-102.744,1,13
-0.3418,-1.3818,0.2427,-51.159,-9.939,-112.927,1,13
-0.3706,-1.3970,0.2227,-65.671,-7.988,-123.659,1,13
-0.3989,-1.4160,0.1904,-88.841,-4.878,-139.451,1,13
-0.4209,-1.4385,0.1851,-105.976,-2.012,-150.183,1,13
-0.4409,-1.4580,0.1592,-124.085,1.524,-160.915,1,13
-0.4604,-1.4692,0.1416,-142.622,4.878,-171.829,1,13
-0.7905,-1.4277,-0.1948,-317.988,25.793,-284.451,1,13
-0.8608,-1.4043,-0.2427,-336.463,26.159,-299.573,1,13
-0.9229,-1.3804,-0.2998,-354.939,26.524,-314.634,1,13
-0.9863,-1.3555,-0.3608,-373.293,26.768,-329.817,1,13
-1.0571,-1.3389,-0.4609,-390.610,26.524,-345.000,1,13
-1.1338,-1.2910,-0.5425,-406.098,25.793,-359.268,1,13
-1.2217,-1.2319,-0.6099,-423.171,25.610,-373.232,1,13
-1.3003,-1.1606,-0.6860,-443.110,26.768,-386.829,1,13
-2.0669,-0.0723,-0.8228,-585.061,134.817,-452.439,1,13
-2.1104,0.1631,-0.7725,-587.317,151.463,-452.439,1,13
-2.1177,0.4219,-0.6934,-587.561,170.976,-450.854,1,13
-2.1362,0.6934,-0.5542,-585.061,193.841,-447.256,1,13
-2.1318,0.9678,-0.3481,-580.122,221.280,-441.220,1,13
-2.1240,1.2485,-0.1001,-571.890,254.146,-432.378,1,13
-2.1084,1.5151,0.1851,-557.439,291.037,-420.427,1,13
-2.0850,1.7969,0.5269,-536.220,331.037,-405.488,1,13
-0.6567,4.6523,2.5044,-318.232,777.012,-266.707,1,13
-0.2007,5.1919,2.6392,-329.878,822.927,-258.841,1,13
0.4038,5.8120,3.1367,-370.000,856.768,-252.622,1,13
1.1514,6.3896,3.7783,-442.988,870.305,-245.122,1,13
2.1563,6.8828,4.6035,-549.573,855.976,-242.012,1,13
3.7676,7.0444,5.2588,-668.598,814.268,-237.134,1,13
5.6748,6.7925,5.6743,-757.744,760.305,-213.110,1,13
7.6069,6.3262,6.1138,-787.805,696.098,-169.329,1,13
7.5811,7.2373,4.9854,-159.939,58.171,-146.037,1,13
7.4966,6.8042,5.5332,-143.537,108.110,-99.756,1,13
7.5239,6.3516,5.9995,-108.415,104.756,-57.073,1,13
7.4575,6.1006,6.3081,-41.585,54.512,-22.927,1,13
7.3594,5.9492,6.3911,47.622,-22.500,-10.183,1,13
7.3271,5.9756,6.3384,148.049,-101.951,-8.537,1,13
7.2329,6.1309,6.1162,248.171,-169.817,0.061,1,13
7.0630,6.2617,5.8237,344.939,-220.793,21.890,1,13
3.8555,1.8628,6.9214,748.659,-341.707,307.805,1,13
3.4160,1.5381,6.9238,739.573,-368.171,320.183,1,13
2.9810,1.2891,6.8662,718.720,-395.122,330.122,1,13
2.5737,1.0957,6.6992,690.427,-417.683,338.110,1,13
2.2056,0.9644,6.4434,655.549,-434.329,344.207,1,13
1.8789,0.8916,6.1147,617.317,-443.780,349.085,1,13
1.5815,0.8843,5.7471,578.354,-445.915,353.659,1,13
1.2988,0.9360,5.4121,541.037,-439.695,358.659,1,13
1.1616,0.8413,1.8276,-332.195,17.500,125.366,2,13
1.3022,0.8481,1.8037,-318.902,14.939,131.220,2,13
1.4395,0.8452,1.7915,-304.207,12.378,137.744,2,13
1.5718,0.8525,1.7822,-288.841,10.366,144.695,2,13
1.6831,0.8608,1.7598,-272.622,7.561,151.707,2,13
1.7822,0.8701,1.7432,-257.256,4.207,158.780,2,13
1.8599,0.8594,1.7192,-241.707,0.122,165.244,2,13
1.9170,0.8574,1.6704,-227.134,-4.817,170.854,2,13
-0.1611,1.0220,-0.5557,270.305,70.122,120.671,1,13
0.4370,1.4741,-0.3384,164.878,82.805,158.171,1,13
0.7124,2.1089,-0.1689,77.378,56.402,201.829,1,13
0.5137,2.6802,0.5513,28.354,18.963,243.476,1,13
-0.0625,3.2241,1.6348,25.549,-13.293,283.476,1,13
-0.8467,3.7134,2.4907,67.317,-39.146,320.549,1,13
-1.5591,4.2114,2.9844,148.963,-78.110,331.646,1,13
-2.1387,4.9072,3.5918,247.988,-131.341,307.500,1,13
-2.1909,-0.3691,-0.5898,51.951,-157.805,-112.073,1,13
-2.0874,-0.4053,-0.5986,85.732,-162.622,-120.061,1,13
-2.0044,-0.3794,-0.6230,106.524,-169.451,-125.488,1,13
-1.9463,-0.3140,-0.6387,117.073,-178.902,-128.232,1,13
-1.9341,-0.2188,-0.5962,120.671,-189.939,-127.134,1,13
-1.9614,-0.1328,-0.4873,118.293,-201.524,-123.841,1,13
-2.0103,-0.0874,-0.3389,111.585,-212.012,-120.000,1,13
-2.0645,-0.0747,-0.2109,102.866,-221.159,-116.768,1,13
-0.6162,0.8843,0.1636,-14.085,-91.463,-140.183,1,13
-0.6104,0.8950,0.1787,-11.768,-87.927,-141.220,1,13
-0.5884,0.9443,0.2173,-6.585,-78.049,-142.744,1,13
-0.5542,0.9673,0.2397,-5.183,-70.549,-142.561,1,13
-0.5229,0.9839,0.2563,-4.451,-62.927,-141.646,1,13
-0.4932,1.0098,0.2783,-6.220,-54.695,-140.122,1,13
-0.4570,1.0264,0.2964,-8.720,-46.220,-137.866,1,13
-0.4263,1.0332,0.3110,-12.805,-37.134,-134.939,1,13
-0.0718,1.1724,0.4014,-104.329,44.146,-114.573,1,13
-0.0366,1.2212,0.4146,-115.488,54.939,-115.244,1,13
0.0024,1.2793,0.4473,-125.793,66.890,-115.671,1,13
0.0435,1.3521,0.4844,-135.366,79.756,-116.707,1,13
0.0835,1.4253,0.5278,-144.085,93.598,-117.378,1,13
0.1421,1.4976,0.5625,-152.073,108.110,-117.927,1,13
0.2056,1.5723,0.5928,-157.988,121.951,-118.537,1,13
0.2710,1.6670,0.6348,-163.415,135.000,-118.780,1,13
1.2314,2.5034,0.9683,-199.024,218.171,-87.500,1,13
1.3569,2.5674,1.0142,-197.988,221.707,-79.329,1,13
1.4946,2.6309,1.0527,-193.171,222.439,-70.061,1,13
1.6313,2.6855,1.0737,-184.390,219.878,-60.427,1,13
1.7642,2.7383,1.1035,-172.805,212.927,-51.037,1,13
1.8857,2.7744,1.1313,-159.146,203.110,-42.500,1,13
1.9941,2.8062,1.1611,-144.024,191.037,-34.512,1,13
2.0962,2.8281,1.1899,-129.207,177.500,-27.256,1,13
2.1934,2.5049,1.0615,-44.329,83.598,12.744,1,13
2.1855,2.4683,1.0342,-45.122,79.451,15.976,1,13
2.1636,2.4507,1.0166,-47.683,76.585,19.512,1,13
2.1504,2.4434,1.0029,-51.890,74.573,23.110,1,13
2.1406,2.4526,0.9766,-56.463,72.439,26.951,1,13
2.1313,2.4683,0.9463,-60.915,70.244,31.159,1,13
2.1284,2.4863,0.9243,-64.634,67.683,35.427,1,13
2.1421,2.5146,0.9033,-68.049,64.390,40.183,1,13
2.1367,2.8813,0.3086,7.988,-7.866,81.159,1,13
2.1040,2.9536,0.2368,23.415,-15.244,87.866,1,13
2.0610,3.0039,0.1729,38.354,-20.976,96.341,1,13
2.0088,3.0317,0.1416,54.268,-25.366,106.524,1,13
1.9526,3.0259,0.1060,70.732,-28.902,117.805,1,13
1.8804,2.9868,0.0723,88.963,-33.049,128.841,1,13
1.8115,2.9243,0.0542,107.683,-37.439,139.878,1,13
1.7500,2.8301,0.0483,127.195,-43.171,150.915,1,13
1.1299,1.7578,-0.0498,250.427,-74.390,244.817,1,13
1.0522,1.5977,-0.0615,252.927,-76.098,251.463,1,13
0.9883,1.4419,-0.0488,254.512,-77.073,257.134,1,13
0.9165,1.2871,-0.0532,255.061,-77.317,261.951,1,13
0.8452,1.1406,-0.0269,253.841,-76.829,265.488,1,13
0.7822,0.9849,-0.0059,251.159,-76.037,268.049,1,13
0.7139,0.8413,0.0142,248.232,-74.634,270.000,1,13
0.6606,0.6875,0.0430,242.988,-73.902,270.854,1,13
0.1396,-0.4912,0.2173,173.232,-68.354,241.829,1,13
0.0869,-0.5879,0.2363,163.476,-67.378,234.085,1,13
0.0327,-0.6816,0.2529,153.293,-66.220,225.610,1,13
-0.0161,-0.7612,0.2847,142.988,-64.024,216.768,1,13
-0.0640,-0.8403,0.3125,133.232,-60.488,207.744,1,13
-0.1123,-0.9072,0.3438,124.878,-54.390,198.902,1,13
-0.1631,-0.9736,0.3882,117.317,-46.707,190.305,1,13
-0.2148,-1.0361,0.4092,110.549,-38.720,182.866,1,13
-0.4741,-1.5522,0.5713,85.793,-9.329,93.476,1,13
-0.4668,-1.5981,0.5518,83.476,-10.732,79.512,1,13
-0.4492,-1.6553,0.5288,78.476,-12.012,65.183,1,13
-0.4312,-1.7017,0.4966,71.524,-12.500,51.220,1,13
-0.4121,-1.7515,0.4585,62.500,-11.646,37.561,1,13
-0.3838,-1.7861,0.4355,50.854,-9.146,24.146,1,13
-0.3701,-1.8154,0.4307,36.707,-3.963,10.305,1,13
-0.3530,-1.8320,0.4263,19.451,2.988,-4.024,1,13
-0.6636,-1.6548,0.6694,-86.159,37.500,-169.024,1,13
-0.7334,-1.6172,0.6592,-87.988,30.061,-186.280,1,13
-0.7827,-1.5688,0.6445,-89.878,22.134,-202.317,1,13
-0.8315,-1.5176,0.6235,-92.378,13.841,-216.220,1,13
-0.8677,-1.4536,0.5703,-95.305,6.829,-227.561,1,13
-0.8936,-1.3867,0.5156,-98.841,0.915,-236.463,1,13
-0.9028,-1.3047,0.4531,-102.134,-2.378,-242.012,1,13
-0.9067,-1.2144,0.4009,-106.159,-3.354,-245.366,1,13
-0.9272,-0.6328,0.1582,-153.537,48.659,-242.744,1,13
-0.9067,-0.5410,0.1558,-156.220,54.085,-246.890,1,13
-0.8848,-0.4341,0.1523,-160.549,58.963,-252.622,1,13
-0.8608,-0.3203,0.1460,-165.183,63.476,-258.780,1,13
-0.8472,-0.2026,0.1270,-168.720,67.500,-265.183,1,13
-0.8330,-0.0752,0.1240,-171.463,71.402,-271.098,1,13
-0.8218,0.0464,0.1274,-172.683,76.220,-277.012,1,13
-0.8237,0.1724,0.1133,-173.415,82.378,-282.134,1,13
-0.6943,1.6221,-0.2168,-98.659,148.659,-294.207,1,13
-0.6372,1.8110,-0.3481,-82.195,156.098,-291.402,1,13
-0.5718,2.0044,-0.4741,-65.793,163.598,-288.171,1,13
-0.5210,2.1860,-0.5918,-53.232,171.951,-285.366,1,13
-0.4736,2.3359,-0.6943,-44.451,182.012,-283.598,1,13
-0.4272,2.4443,-0.7451,-40.183,194.695,-282.927,1,13
-0.4028,2.4985,-0.7383,-39.878,211.463,-284.451,1,13
-0.3706,2.4941,-0.6772,-43.476,231.768,-287.317,1,13
1.3491,3.0991,0.1230,-43.598,330.488,-236.280,1,13
1.5059,3.2827,0.1392,-47.012,325.122,-229.329,1,13
1.8267,3.6802,0.1221,-54.817,309.756,-216.280,1,13
2.1851,4.1182,0.0557,-62.195,290.915,-205.610,1,13
2.5107,4.5703,-0.0693,-66.341,271.037,-198.171,1,13
3.0234,4.9800,-0.0581,-66.280,251.585,-194.939,1,13
3.5405,5.3809,-0.1709,-57.012,239.939,-176.280,1,13
4.2456,5.8530,-0.0947,-40.732,225.732,-144.146,1,13
4.6953,6.0771,-0.0571,-27.134,215.793,-112.134,1,13
5.0220,6.1626,0.0879,-8.049,196.037,-76.524,1,13
5.2310,6.1021,0.2168,13.293,164.024,-44.329,1,13
5.3584,5.9482,0.2964,40.488,120.183,-19.451,1,13
5.4185,5.7778,0.3145,71.646,70.671,-3.902,1,13
5.5215,5.6387,0.2563,102.805,23.232,2.134,1,13
5.7197,5.5723,0.2002,126.341,-14.146,1.402,1,13
6.0664,5.5679,0.1211,138.232,-37.683,-2.317,1,13
6.5864,7.0884,0.6475,164.878,-162.012,48.171,1,13
6.1226,6.9551,0.6680,182.683,-173.963,76.402,1,13
6.2329,6.9834,1.0522,197.439,-181.402,104.390,1,13
6.1309,6.9814,1.1050,213.354,-189.695,155.854,1,13
5.8662,6.8755,1.2036,225.366,-201.341,206.768,1,13
5.5493,6.6074,1.2881,233.354,-213.598,248.476,1,13
5.2139,6.2856,1.2651,242.927,-223.598,282.073,1,13
4.8892,6.0244,1.2173,260.305,-231.341,308.720,1,13
2.5166,4.6045,1.0273,377.012,-179.695,438.232,1,13
2.2549,4.4814,1.0962,390.549,-168.110,445.305,1,13
1.9990,4.2832,1.1826,396.341,-151.585,453.293,1,13
1.8193,4.0239,1.2222,398.293,-133.476,462.805,1,13
1.6846,3.8101,1.2598,401.890,-115.183,473.841,1,13
1.5449,3.6563,1.3330,404.146,-99.024,483.171,1,13
1.4087,3.5532,1.3506,404.085,-85.915,488.720,1,13
1.3008,3.4614,1.2993,401.829,-76.951,489.817,1,13
-16.0000,1.8291,11.5103,645.183,-1002.256,-640.366,1,13
-15.9951,5.8550,4.0610,-559.695,-1290.610,-556.951,1,13
-16.0000,-1.9409,-8.5864,-1172.866,-1306.402,45.183,1,13
-15.3809,2.8379,2.5034,-86.524,-765.061,273.537,1,13
-7.7886,3.3574,7.8491,111.341,-506.098,342.134,1,13
-1.9155,3.3696,5.1685,33.293,-29.634,192.134,1,13
-0.7944,3.4805,2.8213,77.134,170.122,137.500,1,13
-0.5986,4.1045,1.9878,140.427,214.207,183.720,1,13
-0.8789,4.0957,1.6406,201.341,206.037,232.378,1,13
-0.7153,3.8564,1.2041,194.390,181.220,244.634,1,13
-0.2476,3.7510,0.8877,87.683,131.585,168.598,1,13
0.0347,4.3867,0.7788,-7.683,56.098,129.878,1,13
0.6357,5.5581,0.6553,-59.146,-24.817,101.890,1,13
-0.8247,4.8926,0.8906,-48.110,-103.780,135.854,1,13
-1.8667,4.3501,1.1479,-7.683,-133.598,99.939,1,13
-1.8506,3.8613,1.3506,31.098,-142.195,34.939,1,13
-5.3516,-0.5503,1.0371,2.256,48.659,15.183,1,13
-5.0425,-0.8794,1.0703,8.476,69.451,22.866,1,13
-4.8564,-1.1367,0.8848,-11.280,71.463,15.671,1,13
-4.3164,-1.1650,0.6294,-26.220,65.488,5.427,1,13
-3.8438,-1.1855,0.4292,-28.476,46.037,12.134,1,13
-3.4131,-1.2188,0.2759,-24.573,19.268,27.439,1,13
-3.1094,-1.2368,0.1831,-17.317,-4.085,43.720,1,13
-2.9189,-1.2598,0.1479,-9.878,-20.671,56.829,1,13
0.9497,-0.4014,-0.2808,108.232,-87.256,35.488,2,13
0.9634,-0.4287,-0.2554,111.951,-88.354,33.902,2,13
0.9897,-0.4497,-0.2202,115.000,-89.329,32.805,2,13
0.9985,-0.4839,-0.1948,117.134,-89.878,31.524,2,13
1.0107,-0.5083,-0.1626,118.171,-90.488,30.000,2,13
1.0269,-0.5396,-0.1528,118.598,-90.915,28.659,2,13
1.0381,-0.5659,-0.1357,118.537,-91.341,27.622,2,13
1.0337,-0.5938,-0.1133,118.232,-92.317,26.890,2,13
0.3462,1.6855,0.2114,-197.378,137.134,-167.195,1,13
0.4585,1.7314,0.2695,-209.024,149.390,-163.415,1,13
0.5396,1.7881,0.3394,-220.671,158.963,-160.671,1,13
0.6108,1.8389,0.4214,-232.073,164.573,-157.439,1,13
0.6709,1.9141,0.4722,-242.195,166.220,-155.122,1,13
0.7007,1.9814,0.5278,-250.610,164.390,-153.232,1,13
0.7905,2.0728,0.5801,-257.805,159.695,-152.561,1,13
0.8755,2.1494,0.6240,-263.232,154.146,-152.744,1,13
1.2441,2.6450,0.6924,-286.220,115.854,-152.012,1,13
1.2471,2.6816,0.7007,-287.195,119.451,-146.707,1,13
1.2515,2.7202,0.7153,-287.805,122.683,-140.976,1,13
1.2612,2.7593,0.7446,-288.171,127.317,-134.939,1,13
1.2778,2.7993,0.7734,-287.317,131.098,-128.902,1,13
1.2993,2.8247,0.7847,-285.549,134.695,-122.561,1,13
1.3188,2.8560,0.8027,-283.354,137.561,-116.220,1,13
1.3633,2.8701,0.8242,-279.878,139.146,-109.329,1,13
1.9556,2.5479,0.5708,-140.915,69.390,11.829,1,13
1.9702,2.5234,0.5615,-135.488,67.073,14.817,1,13
1.9810,2.4766,0.5317,-124.085,60.915,20.854,1,13
2.0059,2.4243,0.4937,-113.049,54.085,26.220,1,13
2.0098,2.3838,0.4590,-101.463,46.707,31.707,1,13
2.0229,2.3281,0.3979,-85.854,35.427,38.476,1,13
2.0288,2.2993,0.3516,-76.341,28.902,42.256,1,13
2.0361,2.2729,0.3115,-67.256,22.683,45.610,1,13
1.9072,2.0527,-0.0469,-1.829,-15.671,67.378,1,13
1.8779,2.0283,-0.0684,5.000,-20.000,69.573,1,13
1.8447,2.0166,-0.0586,11.280,-24.024,72.012,1,13
1.8052,1.9927,-0.0562,16.646,-27.988,74.695,1,13
1.7617,1.9580,-0.0562,21.280,-32.439,77.744,1,13
1.7168,1.9312,-0.0742,26.341,-37.195,81.341,1,13
1.6689,1.8989,-0.0781,30.793,-41.402,85.244,1,13
1.6123,1.8711,-0.0840,34.939,-45.549,88.293,1,13
1.1079,1.4907,-0.1016,48.598,-73.232,119.817,1,13
1.0493,1.4312,-0.0977,47.988,-74.268,123.232,1,13
0.9932,1.3784,-0.0796,46.524,-75.183,125.793,1,13
0.9468,1.3228,-0.0771,45.244,-75.915,128.354,1,13
0.9019,1.2681,-0.0791,44.451,-76.585,130.854,1,13
0.8662,1.2085,-0.0752,42.805,-77.378,133.110,1,13
0.8252,1.1641,-0.0635,41.402,-77.683,135.854,1,13
0.7876,1.1167,-0.0513,39.024,-77.439,138.780,1,13
0.5439,0.7324,-0.1279,24.756,-73.537,155.732,1,13
0.5205,0.6973,-0.1357,24.268,-72.927,155.305,1,13
0.4951,0.6748,-0.1514,23.293,-72.683,154.573,1,13
0.4697,0.6436,-0.1636,22.622,-71.951,153.537,1,13
0.4473,0.6201,-0.1567,21.707,-71.220,152.012,1,13
0.4185,0.5908,-0.1572,20.366,-69.695,150.366,1,13
0.3867,0.5732,-0.1567,19.817,-68.110,148.476,1,13
0.3589,0.5425,-0.1548,19.207,-66.524,146.646,1,13
0.3340,0.5151,-0.1528,19.329,-64.817,144.207,1,13
0.3125,0.4946,-0.1567,19.573,-63.171,141.768,1,13
0.2905,0.4761,-0.1543,20.244,-61.646,139.329,1,13
0.2676,0.4478,-0.1499,21.646,-60.488,136.951,1,13
0.2422,0.4287,-0.1484,22.683,-58.598,134.756,1,13
0.2183,0.4053,-0.1333,23.963,-57.256,132.439,1,13
0.1865,0.3911,-0.1182,24.268,-55.732,129.756,1,13
0.1567,0.3667,-0.1143,23.841,-53.963,126.768,1,13
-0.1265,0.1069,0.0869,19.146,-38.780,86.159,1,13
-0.1611,0.0659,0.0864,18.476,-37.988,80.061,1,13
-0.1885,0.0400,0.1050,18.293,-37.805,74.451,1,13
-0.2217,-0.0078,0.1143,17.744,-37.744,68.720,1,13
-0.2515,-0.0400,0.1230,16.524,-37.317,62.683,1,13
-0.2881,-0.0840,0.1357,14.512,-37.134,56.890,1,13
-0.3203,-0.1279,0.1396,11.707,-36.280,51.280,1,13
-0.3599,-0.1729,0.1440,8.841,-35.976,45.427,1,13
-0.6797,-0.4912,0.1143,-43.659,-10.549,-8.476,1,13
-0.7129,-0.5181,0.0962,-53.171,-4.390,-15.122,1,13
-0.7539,-0.5352,0.0991,-63.110,2.561,-21.829,1,13
-0.7881,-0.5581,0.0967,-73.476,10.305,-28.720,1,13
-0.8242,-0.5757,0.0879,-84.329,18.841,-35.671,1,13
-0.8667,-0.5884,0.0830,-94.329,27.622,-42.317,1,13
-0.8955,-0.5933,0.0981,-104.634,37.256,-48.841,1,13
-0.9341,-0.5981,0.1104,-114.634,47.012,-54.817,1,13
-1.0454,-0.3843,0.1558,-174.146,108.049,-93.720,1,13
-1.0342,-0.3369,0.1387,-176.159,111.037,-96.341,1,13
-1.0303,-0.2754,0.1191,-177.317,113.049,-98.780,1,13
-1.0303,-0.2163,0.0933,-177.561,115.244,-101.037,1,13
-1.0229,-0.1460,0.0742,-177.439,117.500,-103.415,1,13
-1.0200,-0.0737,0.0586,-177.561,120.061,-105.488,1,13
-1.0278,-0.0063,0.0220,-177.073,122.805,-107.561,1,13
-1.0425,0.0552,-0.0112,-174.939,125.976,-109.634,1,13
-1.0234,0.4707,-0.2402,-105.244,207.256,-147.683,1,13
-1.0156,0.4805,-0.2373,-100.183,214.207,-150.305,1,13
-0.9805,0.5029,-0.1899,-91.280,228.841,-155.976,1,13
-0.9556,0.5176,-0.1548,-83.659,243.110,-161.463,1,13
-0.9126,0.5435,-0.0996,-77.256,257.500,-167.195,1,13
-0.8550,0.5737,-0.0303,-71.890,271.646,-172.988,1,13
-0.8149,0.6147,0.0527,-68.354,285.427,-177.866,1,13
-0.7437,0.6772,0.1914,-66.402,305.610,-184.024,1,13
0.0186,1.9624,0.6069,-115.610,423.659,-200.610,1,13
0.2236,2.1792,0.5947,-132.378,439.939,-201.951,1,13
0.4712,2.4141,0.6338,-153.841,459.329,-203.354,1,13
0.8105,2.6387,0.7598,-183.476,481.524,-204.573,1,13
1.2876,2.8564,0.9683,-224.146,504.268,-203.780,1,13
1.9658,3.0605,1.1709,-275.732,524.390,-199.573,1,13
2.9546,3.1689,1.5117,-335.183,535.122,-197.439,1,13
4.1851,3.2183,1.8618,-395.915,544.695,-186.220,1,13
7.4980,5.8447,3.6968,-176.524,-27.927,-338.537,1,13
8.2813,6.3179,3.5054,-158.841,35.122,-270.183,1,13
8.5430,6.3555,3.9038,-201.220,102.012,-186.890,1,13
8.3296,5.8452,4.4282,-246.341,124.878,-124.878,1,13
8.0645,5.2427,4.7412,-247.073,96.707,-104.512,1,13
8.1230,4.9722,4.8755,-206.890,33.293,-118.841,1,13
8.4106,5.1572,4.8438,-155.915,-40.183,-136.829,1,13
8.5415,5.5737,4.6782,-114.817,-100.671,-139.634,1,13
6.1406,4.9146,4.5508,366.890,-303.659,166.037,1,13
5.6880,4.7788,4.7363,441.524,-322.134,192.561,1,13
5.2129,4.5610,4.9561,504.817,-334.085,217.683,1,13
4.7319,4.2607,5.1377,559.390,-339.695,240.671,1,13
4.2734,3.9106,5.3247,605.488,-338.354,260.915,1,13
3.8423,3.5527,5.5269,643.354,-332.866,278.354,1,13
3.4531,3.2085,5.7236,672.561,-324.634,295.366,1,13
3.0669,2.8477,5.9258,692.134,-315.427,312.256,1,13
0.4604,1.1919,4.9434,520.793,-354.207,418.720,1,13
0.3999,1.1704,4.7813,497.500,-353.354,416.768,1,13
0.2900,1.1602,4.4468,449.390,-343.780,414.207,1,13
0.2114,1.1968,4.1333,404.817,-325.793,413.780,1,13
0.3135,1.1255,4.3784,361.220,-298.659,416.524,1,13
1.7266,-3.7759,9.9238,83.476,-65.610,522.256,1,13
-1.2583,-12.5366,9.5210,45.061,63.171,678.049,1,13
-7.6172,-16.0000,8.5703,416.463,-141.768,620.305,1,13
-0.0444,3.2500,-2.5640,36.280,-18.780,64.878,1,13
0.0967,4.0728,-0.6558,80.366,-29.939,122.134,1,13
-0.4761,4.7104,0.6035,43.780,-44.390,198.293,1,13
-0.7407,5.5532,1.3311,45.610,-101.585,274.817,1,13
-1.1152,6.7524,2.2808,100.244,-179.390,337.805,1,13
-1.4453,8.0459,2.7705,136.463,-231.646,364.756,1,13
-1.9463,8.4771,2.9199,149.329,-243.476,344.207,1,13
-2.3311,8.2412,3.0698,193.354,-218.537,283.171,1,13
-2.5747,-0.4790,1.5674,209.085,-84.573,-105.976,1,13
-2.8682,-1.0576,0.8892,176.768,-65.427,-92.256,1,13
-3.2964,-1.5166,0.1392,149.024,-57.500,-65.488,1,13
-3.8042,-1.6704,-0.5024,127.866,-67.256,-26.098,1,13
-4.2617,-1.5830,-0.6953,97.683,-95.671,18.110,1,13
-4.5249,-1.4170,-0.5908,52.927,-130.488,45.488,1,13
-4.5146,-1.0918,-0.4058,8.415,-163.293,48.780,1,13
-4.2026,-0.6792,-0.4087,-23.598,-192.134,40.671,1,13
-2.7778,-0.3828,-0.2700,6.463,-169.451,39.329,1,13
-2.5996,-0.5479,-0.2827,3.415,-167.195,37.622,1,13
-2.4810,-0.6875,-0.2656,-0.183,-161.829,34.024,1,13
-2.4424,-0.7710,-0.2524,-7.195,-155.915,29.756,1,13
-2.4395,-0.7744,-0.2603,-15.793,-153.232,25.671,1,13
-2.4116,-0.6567,-0.2808,-25.000,-155.793,22.195,1,13
-2.3706,-0.4883,-0.2705,-32.988,-161.829,19.756,1,13
-2.3496,-0.3521,-0.1660,-37.439,-166.524,15.793,1,13
-1.7866,-0.3315,0.3340,7.561,-113.720,-63.110,1,13
-1.6787,-0.3252,0.3442,1.098,-110.854,-65.915,1,13
-1.5664,-0.3047,0.3452,-7.805,-107.866,-68.415,1,13
-1.4673,-0.2588,0.3252,-18.171,-105.061,-69.756,1,13
-1.3521,-0.2119,0.3179,-29.146,-101.829,-70.427,1,13
-1.2563,-0.1548,0.3101,-41.341,-98.537,-70.427,1,13
-1.1665,-0.0820,0.3169,-53.659,-94.085,-70.427,1,13
-1.0688,-0.0156,0.3135,-66.341,-89.634,-70.488,1,13
1.0420,0.1753,-0.5352,7.927,-32.134,34.756,2,13
1.0205,0.1563,-0.5020,4.451,-36.890,37.988,2,13
1.0024,0.1465,-0.4688,2.012,-41.280,40.671,2,13
0.9927,0.1304,-0.4370,1.707,-45.976,43.110,2,13
0.9878,0.1191,-0.4067,2.561,-50.671,44.817,2,13
0.9780,0.1011,-0.3726,4.390,-55.183,45.976,2,13
0.9902,0.0854,-0.3389,8.354,-59.329,47.073,2,13
0.9927,0.0747,-0.3125,13.598,-63.232,47.073,2,13
-0.9941,0.0566,0.3184,-78.598,-84.329,-71.037,1,13
-0.9097,0.1245,0.3027,-90.061,-78.598,-71.768,1,13
-0.8179,0.1875,0.3047,-100.488,-71.707,-73.049,1,13
-0.7480,0.2622,0.2915,-109.207,-64.207,-74.573,1,13
-0.6733,0.3340,0.2759,-115.610,-56.159,-76.220,1,13
-0.5908,0.4087,0.2524,-119.512,-46.890,-78.415,1,13
-0.5244,0.4995,0.2427,-121.646,-37.134,-80.610,1,13
-0.4629,0.6069,0.2314,-121.707,-27.622,-82.866,1,13
0.9902,0.0664,-0.2964,19.878,-67.073,47.195,2,13
0.9995,0.0508,-0.2754,27.256,-70.427,47.195,2,13
1.0117,0.0435,-0.2593,35.671,-74.024,47.195,2,13
1.0098,0.0278,-0.2402,45.366,-76.951,47.195,2,13
1.0176,0.0078,-0.2070,55.122,-80.000,47.500,2,13
1.0273,-0.0078,-0.1904,65.244,-82.378,47.622,2,13
1.0234,-0.0293,-0.1729,75.915,-84.939,48.171,2,13
1.0273,-0.0557,-0.1533,86.890,-87.073,48.841,2,13
-0.3882,0.7002,0.1919,-121.098,-17.012,-85.427,1,13
-0.3110,0.7856,0.1860,-116.585,-5.488,-88.415,1,13
-0.2354,0.8750,0.1733,-110.793,6.524,-92.378,1,13
-0.2031,0.9683,0.2002,-103.841,19.024,-97.256,1,13
-0.1421,1.0527,0.2188,-96.707,31.951,-101.341,1,13
-0.0884,1.1240,0.2510,-88.293,44.695,-105.732,1,13
-0.0518,1.1895,0.2871,-79.268,56.951,-109.024,1,13
0.0117,1.2368,0.3135,-69.146,68.598,-111.951,1,13
0.5225,1.3774,0.5000,-0.549,94.756,-120.549,1,13
0.5889,1.3618,0.5269,-3.963,93.720,-119.207,1,13
0.6392,1.3340,0.5430,-10.183,93.293,-117.561,1,13
0.6860,1.3105,0.5688,-19.451,93.476,-115.427,1,13
0.7383,1.2700,0.6021,-31.646,94.024,-113.049,1,13
0.7900,1.2363,0.6045,-45.976,95.549,-110.854,1,13
0.8462,1.1997,0.6055,-61.341,97.561,-108.841,1,13
0.9058,1.1709,0.6108,-78.049,99.817,-107.866,1,13
1.8525,2.5737,0.4990,-191.585,160.793,-88.354,1,13
1.8687,2.5942,0.5176,-184.939,157.744,-83.293,1,13
1.8979,2.6084,0.5498,-170.183,151.707,-73.537,1,13
1.9277,2.6011,0.5688,-154.329,145.183,-63.659,1,13
1.9395,2.5767,0.5728,-136.159,138.049,-54.512,1,13
1.9604,2.5059,0.5562,-107.683,125.793,-41.951,1,13
1.9604,2.4526,0.5317,-87.805,117.012,-35.366,1,13
1.9619,2.4077,0.5098,-68.963,107.988,-29.390,1,13
1.8174,1.9380,0.3403,14.085,68.415,6.951,1,13
1.7891,1.8828,0.3398,14.329,67.317,11.220,1,13
1.7651,1.8330,0.3179,14.268,65.183,15.244,1,13
1.7422,1.7852,0.3027,15.244,62.744,19.573,1,13
1.7231,1.7485,0.3091,14.573,60.244,23.476,1,13
1.7017,1.7036,0.2969,13.110,57.317,27.317,1,13
1.6753,1.6563,0.2681,11.341,54.146,30.915,1,13
1.6436,1.6108,0.2476,9.756,50.915,33.293,1,13
1.4365,1.3638,0.1997,-24.329,43.902,55.305,1,13
1.4077,1.3525,0.2090,-27.012,43.049,57.134,1,13
1.3813,1.3330,0.2222,-28.354,42.012,58.902,1,13
1.3550,1.3237,0.2212,-29.268,40.122,60.915,1,13
1.3335,1.3101,0.2236,-29.634,37.805,62.805,1,13
1.2964,1.3032,0.2212,-29.939,35.488,65.122,1,13
1.2759,1.2832,0.2056,-29.817,33.049,67.866,1,13
1.2593,1.2705,0.1973,-29.268,30.366,70.976,1,13
1.0625,0.9600,0.1128,-34.451,6.463,99.207,1,13
1.0469,0.9189,0.1104,-36.890,4.878,100.122,1,13
1.0068,0.8755,0.1035,-39.878,3.232,101.037,1,13
0.9814,0.8433,0.1030,-42.927,2.073,101.280,1,13
0.9478,0.8091,0.0957,-45.183,0.671,101.159,1,13
0.9243,0.7837,0.0864,-47.622,-0.671,100.854,1,13
0.8955,0.7686,0.0815,-50.061,-1.280,100.000,1,13
0.8711,0.7603,0.0742,-52.744,-1.951,99.329,1,13
0.6875,0.6606,0.0688,-50.000,-2.195,97.012,1,13
0.6875,0.6572,0.0591,-48.415,-2.927,96.829,1,13
0.6577,0.6523,0.0469,-44.024,-5.122,96.524,1,13
0.6309,0.6216,0.0347,-37.256,-8.537,94.695,1,13
0.6006,0.6035,0.0327,-32.622,-11.159,93.354,1,13
0.5786,0.5688,0.0220,-28.780,-13.598,91.585,1,13
0.5542,0.5435,0.0093,-25.427,-15.915,89.512,1,13
0.5239,0.4995,-0.0034,-22.439,-18.232,87.134,1,13
0.2764,0.2168,0.0005,-1.524,-16.890,55.000,1,13
0.2588,0.1860,0.0083,1.037,-15.366,51.463,1,13
0.2329,0.1523,0.0093,3.720,-13.841,47.073,1,13
0.2070,0.1221,0.0015,6.220,-12.683,43.354,1,13
0.1904,0.0815,-0.0151,8.963,-12.012,39.451,1,13
0.1616,0.0610,-0.0283,11.829,-11.585,34.939,1,13
0.1411,0.0435,-0.0171,12.866,-10.732,30.549,1,13
0.1206,0.0215,-0.0044,13.110,-10.061,25.976,1,13
-0.1455,-0.0703,-0.1230,7.561,-8.415,-25.854,1,13
-0.1826,-0.0674,-0.1304,5.549,-8.232,-33.049,1,13
-0.2114,-0.0542,-0.1318,3.415,-7.561,-40.610,1,13
-0.2466,-0.0483,-0.1343,0.549,-6.341,-47.988,1,13
-0.2705,-0.0410,-0.1147,-3.415,-3.902,-55.061,1,13
-0.2974,-0.0317,-0.0923,-7.683,-1.098,-62.134,1,13
-0.3169,-0.0317,-0.0801,-11.463,2.805,-68.415,1,13
-0.3457,-0.0332,-0.0562,-15.305,7.073,-74.268,1,13
-0.4492,0.1016,0.1484,-40.122,41.707,-104.878,1,13
-0.4614,0.1299,0.1714,-42.683,45.244,-106.037,1,13
-0.4741,0.1377,0.1968,-45.610,49.329,-107.195,1,13
-0.4858,0.1304,0.2026,-47.500,52.805,-108.598,1,13
-0.4927,0.1353,0.2090,-48.537,56.341,-110.061,1,13
-0.5005,0.1362,0.2188,-49.024,60.000,-112.134,1,13
-0.5015,0.1436,0.2295,-49.329,63.415,-114.451,1,13
-0.4971,0.1558,0.2358,-50.061,66.951,-116.707,1,13
-0.3237,0.4048,0.1646,-70.183,102.012,-130.366,1,13
-0.2939,0.4468,0.1890,-72.256,107.866,-132.134,1,13
-0.2676,0.5122,0.2319,-73.841,113.232,-133.720,1,13
-0.2334,0.5811,0.2573,-75.549,118.171,-135.122,1,13
-0.2085,0.6470,0.2935,-77.256,122.195,-136.463,1,13
-0.1719,0.7305,0.2910,-77.988,124.817,-137.622,1,13
-0.1250,0.8105,0.2930,-77.195,126.098,-138.598,1,13
-0.0815,0.8945,0.2524,-74.329,125.732,-138.902,1,13
0.5957,2.0493,-0.1157,-39.634,163.049,-140.427,1,13
0.7310,2.1694,-0.1587,-38.902,176.768,-137.927,1,13
0.8789,2.2969,-0.1968,-38.902,191.707,-135.244,1,13
1.0684,2.4165,-0.2310,-39.024,207.317,-132.134,1,13
1.2998,2.5405,-0.2524,-39.573,222.256,-128.232,1,13
1.5957,2.6802,-0.2695,-40.976,235.122,-123.963,1,13
1.9521,2.8203,-0.2563,-44.085,245.061,-120.244,1,13
2.3950,2.9888,-0.2417,-50.183,250.366,-116.280,1,13
6.0229,5.4214,0.2402,18.720,0.000,-176.463,1,13
5.9004,5.7476,0.1450,58.476,-43.293,-191.098,1,13
5.9063,6.0996,0.0010,96.951,-76.646,-195.793,1,13
6.1216,6.4375,-0.1670,128.293,-94.695,-186.098,1,13
6.6118,6.7842,-0.1680,145.610,-96.159,-160.000,1,13
6.9976,7.0342,-0.0767,151.220,-89.024,-115.915,1,13
7.1958,7.0728,0.1421,149.207,-87.317,-70.061,1,13
7.2129,6.9458,0.4077,153.049,-97.683,-33.780,1,13
6.0059,5.6836,1.7432,271.220,-233.720,209.329,1,13
5.8311,5.3882,1.8237,269.390,-234.024,242.134,1,13
5.6455,5.0718,1.9063,265.244,-234.451,269.573,1,13
5.4351,4.7437,2.0127,260.488,-233.841,291.037,1,13
5.1782,4.4595,2.1709,256.524,-231.890,306.341,1,13
4.9053,4.2422,2.4131,252.988,-225.671,317.439,1,13
4.5957,4.0605,2.4102,251.037,-214.878,326.707,1,13
4.3296,4.0010,2.3164,263.049,-215.549,334.756,1,13
2.3359,3.5039,1.8740,484.024,-192.561,413.232,1,13
2.2051,3.3794,1.7637,516.402,-180.793,415.427,1,13
1.9922,3.1689,1.8232,535.732,-153.354,424.878,1,13
1.8086,2.9111,2.0210,540.732,-118.293,438.537,1,13
1.6641,2.5801,2.2510,532.073,-80.244,454.756,1,13
1.5454,2.1895,2.3867,518.902,-48.354,469.451,1,13
1.4478,1.7964,2.4546,504.939,-25.915,479.451,1,13
1.3350,1.4321,2.5386,488.415,-12.683,482.256,1,13
-2.7603,0.2607,3.3623,207.073,189.146,68.354,1,13
-1.2334,1.4448,2.4541,227.683,176.402,7.073,1,13
-0.6255,2.3579,2.6323,192.622,155.488,-45.732,1,13
-0.0273,3.4473,2.6387,93.110,112.378,-67.683,1,13
0.3433,4.6650,2.3979,-15.183,23.902,-41.098,1,13
0.2178,6.1641,2.4346,-108.841,-98.110,25.549,1,13
-0.0210,7.9443,2.1099,-218.049,-199.451,99.695,1,13
-0.3003,9.2290,1.3643,-320.183,-235.854,163.537,1,13
-3.6938,1.5410,1.2446,83.293,-82.256,-72.195,1,13
-4.0249,0.5728,0.5898,95.793,-78.232,-83.171,1,13
-4.2397,-0.3999,0.3662,119.146,-88.780,-90.976,1,13
-4.2646,-1.1172,0.4141,132.805,-105.671,-92.439,1,13
-4.1538,-1.7207,0.7700,118.537,-125.305,-84.634,1,13
-4.0024,-2.2974,1.2725,81.768,-142.683,-69.573,1,13
-3.8774,-2.8579,1.6968,38.598,-159.817,-45.427,1,13
-3.7729,-3.2686,1.9346,-9.451,-176.341,-12.256,1,13
-3.5942,-3.5747,1.7690,-74.146,-201.159,53.841,1,13
-3.5210,-3.5122,1.6484,-90.732,-210.610,77.439,1,13
-3.3330,-3.1846,1.3667,-116.402,-229.817,118.415,1,13
-3.1206,-2.5537,1.1172,-140.244,-249.146,147.561,1,13
-2.8711,-1.8447,0.8472,-163.415,-268.049,166.220,1,13
-2.6030,-1.1890,0.6172,-181.280,-286.098,178.537,1,13
-2.3960,-0.6855,0.5142,-192.683,-300.793,186.037,1,13
-2.2485,-0.3433,0.5459,-198.293,-309.695,187.683,1,13
-2.6572,-0.2603,-0.1172,-45.122,-201.585,33.659,1,13
-2.6382,-0.2354,-0.2031,-34.024,-191.159,23.659,1,13
-2.5635,-0.2026,-0.2739,-23.049,-183.841,16.280,1,13
-2.4561,-0.1743,-0.3242,-12.561,-178.415,10.000,1,13
-2.3188,-0.1729,-0.3809,-2.317,-174.268,4.695,1,13
-2.1855,-0.1782,-0.4224,7.500,-170.854,-0.732,1,13
-2.0654,-0.1792,-0.4111,14.207,-167.256,-6.829,1,13
-1.9458,-0.1733,-0.3901,16.524,-163.232,-13.963,1,13
-0.9204,0.0723,-0.4756,-53.963,-130.671,-12.866,1,13
-0.8315,0.1216,-0.4644,-64.024,-124.390,-9.939,1,13
-0.7583,0.1821,-0.4375,-73.720,-116.341,-6.951,1,13
-0.6836,0.2456,-0.4268,-82.439,-107.439,-4.329,1,13
-0.6099,0.3140,-0.4238,-89.634,-97.805,-1.220,1,13
-0.5449,0.3740,-0.4175,-95.976,-87.317,1.463,1,13
-0.4834,0.4336,-0.4004,-101.098,-76.768,3.780,1,13
-0.4297,0.4849,-0.3906,-106.220,-65.671,5.427,1,13
-0.0313,0.7144,-0.6211,-130.854,36.646,-0.488,1,13
0.0034,0.7207,-0.6138,-135.427,48.598,-4.512,1,13
0.0459,0.7339,-0.5820,-141.402,61.341,-8.659,1,13
0.1055,0.7285,-0.5479,-148.293,73.902,-12.378,1,13
0.1768,0.7251,-0.5088,-155.854,87.256,-16.280,1,13
0.2402,0.7178,-0.4551,-162.927,99.817,-20.183,1,13
0.3027,0.7217,-0.4097,-170.000,111.402,-24.451,1,13
0.3594,0.7231,-0.3682,-176.402,120.793,-29.085,1,13
0.7075,1.2266,-0.1504,-210.915,115.244,-108.476,1,13
0.7144,1.2554,-0.1465,-212.073,114.268,-112.866,1,13
0.7070,1.3091,-0.1299,-213.780,113.720,-120.671,1,13
0.7026,1.3550,-0.0991,-215.610,113.963,-127.866,1,13
0.7095,1.3984,-0.0586,-217.683,116.585,-134.085,1,13
0.7119,1.4458,-0.0161,-220.305,122.927,-140.854,1,13
0.7222,1.4819,0.0088,-222.378,128.902,-143.354,1,13
0.7319,1.5024,0.0293,-223.354,135.427,-144.634,1,13
1.0332,1.8984,0.1494,-246.098,186.585,-124.695,1,13
1.0752,1.9585,0.1372,-245.488,190.000,-122.439,1,13
1.1177,2.0137,0.1343,-243.902,192.683,-119.878,1,13
1.1533,2.0762,0.1353,-240.366,195.061,-117.683,1,13
1.1885,2.1401,0.1313,-235.183,196.829,-115.366,1,13
1.2300,2.2065,0.1221,-228.598,197.866,-112.622,1,13
1.2529,2.2798,0.1309,-220.366,198.537,-110.122,1,13
1.2764,2.3423,0.1372,-211.220,197.500,-107.134,1,13
1.3252,2.6479,0.2256,-62.622,161.829,-72.195,1,13
1.3066,2.6489,0.2275,-43.049,155.610,-66.768,1,13
1.2944,2.6401,0.2334,-23.720,149.207,-61.159,1,13
1.2754,2.6309,0.2305,-5.732,142.012,-55.061,1,13
1.2593,2.6152,0.2075,11.220,134.756,-48.659,1,13
1.2466,2.5825,0.1992,26.220,128.110,-41.280,1,13
1.2402,2.5508,0.1929,39.085,122.256,-34.024,1,13
1.2271,2.4888,0.1836,49.817,117.805,-26.463,1,13
1.2217,1.6274,0.2231,49.512,103.659,35.427,1,13
1.2324,1.5405,0.2363,41.463,102.134,39.573,1,13
1.2397,1.4565,0.2256,32.500,100.610,42.683,1,13
1.2490,1.3857,0.2188,22.683,99.695,45.427,1,13
1.2578,1.3291,0.2100,12.073,99.146,47.561,1,13
1.2563,1.2769,0.2104,1.098,99.024,48.720,1,13
1.2705,1.2354,0.2124,-10.366,99.634,49.573,1,13
1.2612,1.2012,0.2124,-20.427,100.610,50.305,1,13
1.2490,1.3140,0.2695,-49.085,101.768,65.183,1,13
1.2393,1.3140,0.2769,-46.646,100.244,66.768,1,13
1.2251,1.3179,0.2925,-37.561,93.902,71.768,1,13
1.2061,1.2998,0.2964,-30.427,89.451,75.244,1,13
1.1895,1.2725,0.2915,-22.805,84.512,78.963,1,13
1.1768,1.2251,0.2930,-15.427,79.451,82.683,1,13
1.1616,1.1719,0.2998,-7.805,74.573,85.976,1,13
1.1333,1.1201,0.3076,-0.183,69.756,89.207,1,13
0.8970,0.6069,0.2661,39.451,34.939,97.378,1,13
0.8794,0.5581,0.2593,42.744,33.232,96.829,1,13
0.8560,0.5117,0.2402,46.037,30.793,95.732,1,13
0.8364,0.4756,0.2310,49.024,29.146,94.451,1,13
0.8110,0.4355,0.2275,51.098,27.317,93.049,1,13
0.7998,0.3994,0.2139,53.171,25.671,91.585,1,13
0.7808,0.3701,0.2007,54.573,23.902,90.183,1,13
0.7588,0.3340,0.1831,56.890,22.439,88.720,1,13
0.5435,0.0352,0.1567,55.000,14.390,67.073,1,13
0.5176,0.0063,0.1714,52.744,14.451,62.988,1,13
0.4824,-0.0269,0.1670,51.524,14.939,58.780,1,13
0.4512,-0.0586,0.1709,49.756,15.610,54.268,1,13
0.4229,-0.0732,0.1860,48.232,16.524,49.451,1,13
0.3838,-0.0894,0.1875,46.037,17.134,44.451,1,13
0.3525,-0.0996,0.1738,44.024,17.805,39.390,1,13
0.3223,-0.1060,0.1836,42.134,18.354,33.659,1,13
0.0933,-0.1196,0.2070,7.134,34.207,-7.317,1,13
0.0688,-0.1079,0.2021,3.049,35.793,-11.768,1,13
0.0459,-0.1055,0.1982,-1.585,36.829,-15.793,1,13
0.0254,-0.0991,0.2026,-6.402,37.134,-20.183,1,13
0.0078,-0.0796,0.2100,-11.707,37.744,-24.024,1,13
-0.0078,-0.0664,0.2114,-16.951,38.415,-27.927,1,13
-0.0166,-0.0518,0.2197,-22.805,39.817,-31.463,1,13
-0.0337,-0.0366,0.2241,-27.805,41.768,-34.756,1,13
-0.2012,0.2402,0.3687,-61.280,55.549,-65.732,1,13
-0.2085,0.2744,0.3896,-62.378,54.512,-68.659,1,13
-0.2275,0.3125,0.3936,-63.354,53.293,-71.280,1,13
-0.2329,0.3462,0.3950,-65.366,51.524,-73.354,1,13
-0.2456,0.3809,0.4023,-67.195,50.122,-75.976,1,13
-0.2627,0.4087,0.4199,-70.366,48.963,-77.927,1,13
-0.2886,0.4321,0.4224,-74.878,48.049,-78.841,1,13
-0.2969,0.4385,0.4321,-79.146,47.500,-80.122,1,13
-0.3652,0.6479,0.4517,-104.878,85.122,-84.939,1,13
-0.3389,0.7153,0.4302,-106.524,93.049,-83.780,1,13
-0.3184,0.7900,0.4238,-109.207,101.098,-81.951,1,13
-0.2822,0.8730,0.4141,-111.890,109.878,-79.634,1,13
-0.2393,0.9570,0.4116,-115.427,119.329,-77.134,1,13
-0.1948,1.0488,0.4185,-118.293,129.573,-74.634,1,13
-0.1499,1.1523,0.4106,-120.488,139.573,-72.317,1,13
-0.0898,1.2646,0.3975,-122.134,149.695,-70.122,1,13
1.2222,2.6406,0.2578,-174.878,265.000,-7.317,1,13
1.5239,2.8193,0.2739,-188.780,280.061,6.951,1,13
1.9014,3.0200,0.2764,-203.963,291.220,21.646,1,13
2.3345,3.2192,0.2715,-221.524,296.463,35.671,1,13
2.8354,3.4341,0.2852,-237.195,295.549,48.537,1,13
3.4150,3.6577,0.3179,-249.451,286.890,58.293,1,13
4.0225,3.8921,0.3784,-255.915,270.732,64.146,1,13
4.6045,4.1357,0.4507,-253.780,246.829,64.939,1,13
6.6172,5.2183,0.2998,141.829,-76.463,-1.890,1,13
7.1265,5.0347,0.3286,159.512,-74.024,28.841,1,13
7.5161,4.7402,0.5107,159.817,-66.463,66.341,1,13
7.6465,4.3223,0.7710,152.683,-65.610,100.183,1,13
7.5220,3.8628,1.0640,147.927,-78.598,122.561,1,13
7.2954,3.4473,1.3003,147.256,-104.451,129.085,1,13
7.1099,3.0913,1.4883,147.500,-137.683,125.244,1,13
6.9956,2.8213,1.5781,144.939,-169.878,119.939,1,13
5.4668,0.8364,2.0903,57.744,-293.780,211.159,1,13
5.1973,0.8394,2.2646,78.049,-279.512,219.451,1,13
4.9751,0.9619,2.4165,107.561,-263.902,226.707,1,13
4.8027,1.1733,2.5166,148.171,-252.134,233.659,1,13
4.7065,1.4458,2.5674,200.488,-247.439,241.341,1,13
4.6255,1.7119,2.6245,260.793,-250.610,249.756,1,13
4.5273,1.8999,2.6880,325.244,-258.232,258.841,1,13
4.3774,1.9434,2.7197,390.793,-267.256,268.902,1,13
2.4043,-0.1509,4.4126,619.939,-229.573,330.061,1,13
2.4858,-0.5122,4.9180,589.695,-232.988,316.341,1,13
2.6372,-3.8804,9.6011,451.585,-161.951,360.549,1,13
-0.9727,-9.4536,10.8789,361.768,-10.549,418.902,1,13
-5.6802,-11.7285,10.0288,459.512,-77.012,308.354,1,13
-8.7402,-14.5356,9.4834,592.256,-330.305,-75.976,1,13
-10.1855,-14.9946,8.7197,791.037,-650.854,-538.476,1,13
-11.0850,-10.0054,6.1758,907.500,-985.549,-958.598,1,13
1.3794,0.3721,-0.0518,-174.695,106.098,55.000,2,13
1.3403,0.3804,-0.0649,-174.207,105.061,55.732,2,13
1.2300,0.3716,-0.0845,-172.256,103.963,57.805,2,13
1.1128,0.3711,-0.0752,-170.244,103.659,60.427,2,13
0.9878,0.3662,-0.0669,-167.378,103.841,63.293,2,13
0.8877,0.3696,-0.0308,-164.451,104.939,66.463,2,13
0.7847,0.3740,0.0171,-160.854,106.707,69.939,2,13
0.7222,0.3813,0.0640,-157.317,108.293,72.988,2,13
-16.0000,-2.6855,-16.0000,-704.634,-205.732,-606.463,1,13
-16.0000,-8.2876,-4.3511,-425.183,-264.268,-237.683,1,13
-16.0000,-0.2964,4.6616,-46.037,-257.988,-283.537,1,13
-10.1455,5.4517,3.7651,8.354,-191.829,-137.012,1,13
-3.8848,6.6753,0.8540,-107.500,-26.585,47.378,1,13
-1.6567,5.3838,-1.3403,-164.085,111.402,123.902,1,13
-1.0381,4.7017,-2.9282,-107.439,95.610,116.159,1,13
-0.5679,5.0137,-1.9780,-27.134,9.268,109.939,1,13
0.7734,7.1543,4.2617,387.622,199.634,99.573,1,13
0.9683,6.3276,4.3667,413.598,224.695,186.829,1,13
1.2344,5.2769,4.3350,385.549,222.134,279.695,1,13
1.1172,4.0479,4.2725,312.195,208.354,350.183,1,13
0.6450,2.7427,4.3989,210.427,190.366,381.341,1,13
-0.4717,1.4800,4.8203,102.195,156.159,366.098,1,13
-2.6724,0.5273,6.8364,-67.561,-4.512,279.817,1,13
-3.3320,-1.2100,6.0391,-203.171,-315.122,134.207,1,13
-5.3242,-0.5786,0.7012,-210.732,-74.207,81.768,1,13
-5.8667,-0.5757,0.9775,-186.524,-125.366,33.232,1,13
-6.0542,-0.3833,1.1719,-145.488,-185.305,-14.634,1,13
-5.6675,-0.0635,1.2031,-103.476,-235.183,-46.585,1,13
-4.7617,0.2041,1.0298,-67.256,-255.488,-52.317,1,13
-3.7021,0.1719,0.7769,-31.159,-242.317,-39.634,1,13
-2.8896,0.0410,0.5693,12.073,-212.378,-22.805,1,13
-2.4116,-0.0361,0.3691,55.244,-181.707,-6.829,1,13
1.3555,0.4600,-0.4551,61.524,50.183,141.463,2,13
1.3364,0.4023,-0.4590,70.976,48.659,137.134,2,13
1.3184,0.3643,-0.4541,79.939,47.073,132.256,2,13
1.3066,0.3149,-0.4497,87.622,45.244,127.073,2,13
1.3018,0.2734,-0.4468,94.878,43.720,121.159,2,13
1.2979,0.2334,-0.4434,100.488,42.012,115.244,2,13
1.3066,0.2144,-0.4312,105.305,39.878,109.390,2,13
1.3091,0.1782,-0.4233,109.268,38.049,103.232,2,13
-2.1567,-0.1338,0.2266,89.268,-161.646,2.500,1,13
-2.0435,-0.2261,0.1768,109.817,-153.780,6.463,1,13
-1.9458,-0.3149,0.1323,116.768,-156.951,8.415,1,13
-1.8589,-0.4282,0.0923,116.159,-166.463,10.061,1,13
-1.7881,-0.5317,0.1323,110.488,-178.659,11.585,1,13
-1.7393,-0.5811,0.2588,98.780,-190.427,12.500,1,13
-1.7114,-0.5796,0.4019,81.463,-202.012,13.171,1,13
-1.7178,-0.5557,0.4941,61.463,-214.329,12.500,1,13
-1.3667,-0.0093,-0.2319,-90.183,-87.439,-64.024,1,13
-1.2510,0.0669,-0.2368,-99.939,-84.085,-63.780,1,13
-1.1509,0.1431,-0.2505,-108.598,-82.256,-64.390,1,13
-1.0659,0.2241,-0.2407,-116.951,-80.000,-65.671,1,13
-0.9971,0.2964,-0.2246,-124.512,-78.841,-66.463,1,13
-0.9258,0.3574,-0.2017,-130.427,-76.890,-67.988,1,13
-0.8662,0.4224,-0.1680,-135.183,-74.390,-69.329,1,13
-0.8027,0.4834,-0.1460,-138.659,-70.915,-70.732,1,13
1.0068,-0.1167,-0.2627,27.256,-44.939,46.220,2,13
1.0024,-0.1177,-0.2485,30.488,-48.049,45.244,2,13
0.9883,-0.1196,-0.2402,34.329,-51.341,43.902,2,13
0.9844,-0.1167,-0.2139,38.415,-54.146,42.683,2,13
0.9766,-0.1211,-0.2031,42.988,-57.561,41.707,2,13
0.9634,-0.1157,-0.1826,47.988,-60.549,40.854,2,13
0.9648,-0.1255,-0.1689,53.110,-63.293,39.634,2,13
0.9712,-0.1191,-0.1494,58.354,-66.524,38.963,2,13
-0.7505,0.5381,-0.1172,-140.854,-66.768,-72.256,1,13
-0.7090,0.6025,-0.0874,-141.159,-62.622,-73.293,1,13
-0.6641,0.6411,-0.0767,-140.366,-58.354,-74.024,1,13
-0.6372,0.6987,-0.0522,-138.598,-53.537,-74.695,1,13
-0.5923,0.7212,-0.0537,-135.854,-49.512,-75.183,1,13
-0.5659,0.7476,-0.0474,-132.012,-44.756,-75.549,1,13
-0.5322,0.7588,-0.0454,-128.171,-39.634,-75.854,1,13
-0.4980,0.7822,-0.0508,-123.659,-34.451,-77.378,1,13
-0.1108,1.0054,-0.0620,-87.195,35.305,-91.524,1,13
-0.0894,1.0117,-0.0474,-85.976,39.512,-91.890,1,13
-0.0347,1.0366,-0.0444,-85.610,47.378,-92.439,1,13
0.0103,1.0537,-0.0425,-86.829,54.878,-92.561,1,13
0.0552,1.0742,-0.0361,-90.793,61.829,-92.439,1,13
0.1069,1.0933,-0.0405,-100.305,69.939,-91.220,1,13
0.1401,1.0923,-0.0391,-109.634,74.390,-90.488,1,13
0.1782,1.0952,-0.0332,-120.610,78.659,-89.329,1,13
0.4419,1.1245,0.0986,-249.024,131.768,-95.488,1,13
0.4639,1.1528,0.1279,-261.951,139.390,-96.951,1,13
0.4980,1.1807,0.1563,-274.329,147.439,-98.415,1,13
0.5288,1.2095,0.1943,-286.280,155.366,-99.817,1,13
0.5669,1.2358,0.2168,-297.378,163.598,-100.488,1,13
0.6030,1.2690,0.2280,-306.341,171.463,-100.976,1,13
0.6597,1.3042,0.2334,-313.049,179.146,-101.159,1,13
0.7021,1.3462,0.2383,-318.232,186.585,-101.159,1,13
1.1895,2.2832,0.2729,-301.951,223.720,-90.000,1,13
1.2407,2.3779,0.2646,-294.390,224.146,-87.256,1,13
1.2935,2.4604,0.2764,-285.122,224.451,-84.451,1,13
1.3457,2.5391,0.2817,-274.268,224.146,-80.732,1,13
1.3843,2.5811,0.2930,-261.768,222.744,-76.951,1,13
1.4219,2.6060,0.3091,-247.073,221.159,-72.256,1,13
1.4644,2.6167,0.3296,-232.073,218.110,-67.256,1,13
1.4805,2.5977,0.3545,-215.549,214.329,-61.707,1,13
1.2520,1.7100,0.1724,-83.354,142.378,11.159,1,13
1.2524,1.6841,0.1558,-83.720,141.402,13.841,1,13
1.2559,1.6577,0.1563,-84.573,140.366,16.524,1,13
1.2603,1.6338,0.1504,-85.061,138.902,19.451,1,13
1.2695,1.6157,0.1431,-86.220,137.500,22.500,1,13
1.2822,1.5933,0.1387,-86.951,135.854,25.671,1,13
1.2769,1.5688,0.1392,-88.049,135.061,29.024,1,13
1.2915,1.5435,0.1475,-88.720,134.207,32.439,1,13
1.2754,1.1763,0.1689,-83.537,119.329,52.439,1,13
1.2700,1.1372,0.1587,-82.073,116.707,52.988,1,13
1.2695,1.1079,0.1597,-80.488,113.902,53.598,1,13
1.2559,1.0728,0.1519,-79.207,111.951,53.841,1,13
1.2461,1.0449,0.1455,-78.354,109.756,54.146,1,13
1.2324,1.0181,0.1416,-76.890,107.500,54.817,1,13
1.2246,0.9858,0.1475,-75.854,105.854,55.610,1,13
1.2085,0.9556,0.1401,-74.512,103.780,56.341,1,13
0.9800,0.7285,0.1631,-59.085,80.488,56.098,1,13
0.9463,0.7158,0.1719,-55.793,78.476,54.451,1,13
0.9146,0.6968,0.1924,-53.110,76.585,53.110,1,13
0.8760,0.6777,0.2046,-49.878,74.756,51.159,1,13
0.8413,0.6714,0.2271,-46.951,74.146,48.963,1,13
0.8018,0.6646,0.2500,-43.171,73.049,46.402,1,13
0.7578,0.6475,0.2559,-39.146,72.317,44.146,1,13
0.7163,0.6440,0.2847,-35.183,71.463,41.646,1,13
0.1050,0.3584,0.4966,-10.183,60.183,1.280,1,13
0.0239,0.3057,0.5273,-7.378,58.110,-6.829,1,13
-0.0576,0.2402,0.5522,-4.695,55.427,-15.244,1,13
-0.1401,0.1797,0.5962,-2.256,52.134,-24.207,1,13
-0.2212,0.1167,0.6270,-0.183,48.049,-33.659,1,13
-0.2959,0.0498,0.6597,1.646,42.805,-42.866,1,13
-0.3706,-0.0161,0.6621,2.927,36.890,-51.951,1,13
-0.4399,-0.0815,0.6802,3.780,29.207,-60.793,1,13
-0.9175,-0.4453,0.7197,-120.122,-24.207,-139.451,1,13
-0.9238,-0.4487,0.7217,-131.159,-19.878,-142.866,1,13
-0.9282,-0.4521,0.7290,-153.598,-8.171,-150.244,1,13
-0.9380,-0.4346,0.7510,-174.268,6.890,-157.988,1,13
-0.9438,-0.3970,0.7827,-192.073,25.061,-167.195,1,13
-0.9702,-0.2944,0.8281,-212.988,52.561,-183.780,1,13
-0.9951,-0.1655,0.8501,-222.439,68.720,-196.707,1,13
-1.0269,-0.0210,0.8618,-228.476,82.012,-210.305,1,13
-0.8843,2.2090,0.3643,-132.500,35.427,-215.976,1,13
-0.7798,2.4780,0.2354,-111.159,32.500,-199.268,1,13
-0.6611,2.7085,0.1152,-90.244,37.134,-181.768,1,13
-0.5449,2.9048,-0.0073,-69.573,49.268,-163.232,1,13
-0.4399,3.0400,-0.1201,-48.415,68.841,-144.817,1,13
-0.3564,3.1274,-0.2334,-27.439,93.415,-128.171,1,13
-0.2993,3.1978,-0.3110,-6.890,121.768,-114.756,1,13
-0.2344,3.2256,-0.3735,10.732,150.915,-105.427,1,13
0.9951,3.3184,-0.1509,69.695,302.683,-102.012,1,13
1.2876,3.3823,-0.0410,63.780,305.488,-90.671,1,13
1.6445,3.4844,0.0449,56.220,305.366,-74.817,1,13
2.0747,3.6099,0.1479,47.500,301.524,-55.244,1,13
2.6089,3.7725,0.2451,37.317,293.293,-32.317,1,13
3.2407,3.9570,0.3223,25.549,283.232,-3.841,1,13
3.8848,4.1406,0.3618,15.549,268.841,28.902,1,13
4.4761,4.3081,0.4497,5.610,250.732,61.646,1,13
6.6528,4.3989,0.7559,185.915,-55.366,-10.488,1,13
7.0869,4.7827,0.8525,202.317,-59.024,-11.463,1,13
7.2275,5.1016,0.8457,208.354,-53.659,11.159,1,13
7.1592,5.2383,0.9341,206.768,-48.232,40.549,1,13
6.9468,5.2251,1.0493,208.841,-49.146,66.951,1,13
6.7246,5.1870,1.1943,221.524,-60.305,83.354,1,13
6.5835,5.1846,1.3979,239.817,-77.500,92.683,1,13
6.5078,5.2261,1.6343,255.732,-95.671,102.317,1,13
4.7910,3.7803,3.1318,233.293,-205.000,318.476,1,13
4.6782,3.6670,3.1455,225.122,-211.280,324.451,1,13
4.4355,3.4526,3.2212,203.780,-220.244,333.537,1,13
4.0229,3.1655,3.4092,164.634,-223.110,342.561,1,13
3.7139,2.9990,3.5444,141.402,-216.341,347.439,1,13
3.3989,2.9043,3.6563,121.585,-205.244,353.049,1,13
3.1074,2.8521,3.7402,104.390,-192.988,358.354,1,13
2.8521,2.8418,3.7695,90.732,-183.415,363.476,1,13
1.1040,2.6836,3.6523,142.317,-157.134,420.122,1,13
0.9561,2.7168,3.6387,177.866,-154.512,422.073,1,13
0.8311,2.7407,3.6675,212.317,-150.122,423.293,1,13
0.7031,2.7329,3.7334,243.110,-143.598,424.756,1,13
0.6001,2.6885,3.8672,268.780,-134.451,428.293,1,13
0.4922,2.6006,4.0186,287.561,-122.134,434.024,1,13
0.3726,2.4585,4.1611,299.024,-108.902,441.402,1,13
0.4443,2.1304,4.7788,299.939,-94.756,451.220,1,13
-3.1484,3.7905,6.6069,-84.817,-92.073,-11.951,1,13
-2.6572,1.9487,5.3403,-152.988,-33.963,-21.890,1,13
-2.2002,0.6289,3.9932,-225.793,-6.341,-22.073,1,13
-1.7905,-0.2915,2.7446,-290.610,3.110,-17.317,1,13
-1.4927,-0.9219,1.6665,-333.110,-0.305,-5.793,1,13
-1.3184,-1.2744,0.7036,-341.585,-12.622,10.366,1,13
-1.2266,-1.2769,-0.1606,-310.061,-31.829,28.293,1,13
-1.1821,-0.9111,-0.7422,-248.232,-53.232,48.232,1,13
1.7480,0.3682,-0.1274,14.329,134.573,81.098,2,13
1.7266,0.3486,-0.1807,24.390,129.634,79.390,2,13
1.7114,0.3330,-0.2300,33.841,125.061,76.951,2,13
1.6973,0.3350,-0.2813,43.841,120.000,73.598,2,13
1.6855,0.3379,-0.3408,53.659,115.671,70.061,2,13
1.6904,0.3540,-0.3940,63.476,110.976,66.159,2,13
1.7041,0.3740,-0.4492,72.683,106.220,62.134,2,13
1.7217,0.3901,-0.5039,81.768,101.707,57.622,2,13
-1.2036,-0.1382,-0.8271,-163.293,-79.329,84.085,1,13
-1.2256,0.0820,-0.7202,-148.537,-85.061,94.512,1,13
-1.3232,0.3853,-0.5000,-137.317,-94.817,110.610,1,13
-1.4385,0.5049,-0.3579,-138.537,-105.488,119.573,1,13
-1.5962,0.4917,-0.3179,-136.646,-120.671,121.768,1,13
-1.8799,0.3730,-0.1997,-121.951,-148.841,113.110,1,13
-1.9873,0.3208,-0.1489,-116.646,-157.744,107.744,1,13
-2.2754,0.1880,-0.1479,-109.390,-176.037,84.146,1,13
1.7476,0.4106,-0.5273,90.854,97.256,53.110,2,13
1.7744,0.4229,-0.5708,100.122,93.354,48.232,2,13
1.7964,0.4326,-0.5996,108.841,89.329,43.659,2,13
1.8286,0.4341,-0.6172,116.524,85.305,38.537,2,13
1.8525,0.4336,-0.6299,123.841,81.280,33.537,2,13
1.8784,0.4307,-0.6440,130.610,77.195,29.390,2,13
1.8950,0.4048,-0.6396,136.768,72.988,25.488,2,13
1.9033,0.3823,-0.6436,141.524,69.024,21.646,2,13
-2.4009,0.0679,-0.3730,-102.866,-184.451,63.049,1,13
-2.5024,-0.1304,-0.4458,-85.610,-191.707,39.573,1,13
-2.5635,-0.2959,-0.3354,-65.854,-195.976,11.280,1,13
-2.6069,-0.3433,-0.2896,-50.000,-197.866,-20.122,1,13
-2.6152,-0.3345,-0.4077,-35.061,-200.061,-46.890,1,13
-2.6069,-0.3428,-0.4927,-13.902,-206.159,-63.963,1,13
-2.5547,-0.3638,-0.4238,9.390,-212.622,-73.415,1,13
-2.4600,-0.3662,-0.2539,28.110,-216.768,-78.963,1,13
-2.4521,0.8911,-0.2700,125.671,-243.598,6.524,1,13
-2.5146,0.9253,-0.2759,140.061,-233.293,-2.256,1,13
-2.5313,0.9453,-0.2646,151.341,-220.976,-12.805,1,13
-2.5059,0.9419,-0.2505,159.085,-208.293,-21.890,1,13
-2.4473,0.9033,-0.2441,164.024,-195.183,-28.537,1,13
-2.3467,0.8359,-0.2100,167.073,-182.073,-31.768,1,13
-2.2397,0.7568,-0.1841,168.963,-169.146,-32.317,1,13
-2.1289,0.6753,-0.1411,168.780,-156.280,-30.610,1,13
-1.2007,0.0977,-0.1265,40.854,-73.293,-20.061,1,13
-1.1265,0.0176,-0.0986,13.841,-72.256,-23.171,1,13
-1.0825,-0.0732,-0.0552,-14.573,-72.683,-27.805,1,13
-1.0317,-0.1484,0.0122,-46.768,-73.598,-33.902,1,13
-0.9922,-0.2261,0.1147,-81.646,-75.427,-40.671,1,13
-0.9629,-0.2715,0.2129,-117.805,-78.232,-47.500,1,13
-0.9268,-0.2915,0.3008,-156.646,-80.732,-52.134,1,13
-0.8926,-0.2690,0.3638,-195.915,-83.537,-54.939,1,13
-0.7192,0.7495,0.2959,-381.159,-93.110,-32.317,1,13
-0.6777,0.8813,0.3257,-383.415,-89.207,-31.707,1,13
-0.6328,0.9976,0.3657,-382.683,-84.024,-31.341,1,13
-0.5854,1.0967,0.3760,-378.720,-77.378,-31.037,1,13
-0.5298,1.1924,0.3711,-371.280,-69.512,-31.280,1,13
-0.4624,1.2793,0.3662,-359.512,-59.939,-32.561,1,13
-0.3877,1.3896,0.3276,-345.976,-48.476,-35.000,1,13
-0.3120,1.4893,0.2905,-330.976,-34.939,-37.988,1,13
0.3267,1.8857,0.0747,-189.695,135.854,-53.659,1,13
0.3750,1.8203,0.0728,-179.390,157.012,-53.537,1,13
0.4341,1.7607,0.0864,-171.159,176.159,-52.927,1,13
0.4985,1.6768,0.0967,-163.232,193.720,-52.256,1,13
0.5542,1.5898,0.1045,-155.549,207.073,-51.646,1,13
0.6309,1.5098,0.1177,-149.329,216.341,-51.524,1,13
0.7012,1.4204,0.1235,-143.841,220.854,-52.012,1,13
0.7979,1.3496,0.1543,-141.646,222.256,-53.293,1,13
1.6558,0.9434,0.3188,-177.744,188.049,-49.024,1,13
1.6699,0.9448,0.3447,-181.524,184.695,-49.268,1,13
1.6753,0.9639,0.3535,-185.366,181.707,-51.768,1,13
1.6626,0.9990,0.3784,-188.598,179.085,-56.280,1,13
1.6338,1.0513,0.3994,-190.427,177.195,-61.951,1,13
1.6094,1.1265,0.4067,-190.183,175.610,-68.963,1,13
1.5703,1.2153,0.4077,-187.439,174.817,-76.768,1,13
1.5361,1.3149,0.3916,-182.500,174.573,-84.329,1,13
1.3452,2.0161,0.3247,44.146,138.354,-58.049,1,13
1.3306,1.9595,0.3232,53.354,133.598,-53.171,1,13
1.3140,1.8779,0.3193,59.085,129.268,-47.805,1,13
1.2944,1.7832,0.3135,61.098,125.427,-42.317,1,13
1.2725,1.6836,0.3101,59.878,122.439,-36.220,1,13
1.2539,1.5767,0.3213,56.463,119.817,-30.671,1,13
1.2354,1.4629,0.3330,49.573,117.622,-25.671,1,13
1.2212,1.3638,0.3462,42.073,115.976,-21.829,1,13
1.0625,1.0928,0.2954,-42.378,102.561,-25.244,1,13
1.0474,1.1328,0.3027,-50.122,102.500,-24.878,1,13
1.0259,1.1738,0.3315,-56.159,102.744,-24.146,1,13
1.0083,1.2197,0.3311,-60.854,103.232,-22.317,1,13
0.9917,1.2612,0.3291,-63.049,103.415,-19.939,1,13
0.9697,1.3071,0.3413,-63.232,103.354,-16.159,1,13
0.9619,1.3330,0.3652,-62.073,102.988,-12.317,1,13
0.9458,1.3726,0.3813,-59.024,101.768,-8.354,1,13
0.8062,1.2998,0.4204,17.744,71.463,23.841,1,13
0.8003,1.2646,0.4243,27.622,68.598,26.159,1,13
0.7852,1.2129,0.4360,37.134,66.463,28.293,1,13
0.7754,1.1694,0.4370,45.976,64.146,29.634,1,13
0.7612,1.1255,0.4478,54.146,62.134,31.098,1,13
0.7529,1.0737,0.4512,62.378,60.427,32.012,1,13
0.7515,1.0220,0.4463,70.061,58.293,32.988,1,13
0.7378,0.9873,0.4585,77.073,56.159,33.659,1,13
0.6328,0.5337,0.5386,87.439,29.268,32.317,1,13
0.6108,0.4883,0.5435,83.415,26.890,30.732,1,13
0.5771,0.4346,0.5620,79.512,24.512,28.841,1,13
0.5547,0.4111,0.5605,75.183,22.134,26.098,1,13
0.5347,0.3828,0.5503,71.159,19.268,23.293,1,13
0.5054,0.3613,0.5405,66.951,16.341,19.817,1,13
0.4893,0.3643,0.5166,63.354,13.110,16.341,1,13
0.4678,0.3677,0.5054,59.329,10.244,13.049,1,13
0.3892,0.6094,0.3281,30.122,14.634,-0.549,1,13
0.3887,0.6274,0.3140,29.512,17.439,0.061,1,13
0.3857,0.6465,0.3032,30.000,20.732,0.915,1,13
0.3931,0.6533,0.3076,30.854,23.476,1.829,1,13
0.3945,0.6675,0.3184,32.622,26.220,3.049,1,13
0.3906,0.6753,0.3237,34.451,28.659,3.841,1,13
0.4063,0.6855,0.3291,37.073,30.488,4.451,1,13
0.3975,0.6895,0.3481,40.244,31.829,5.061,1,13
0.4346,0.9014,0.4614,74.695,14.939,1.951,1,13
0.4453,0.9268,0.4609,75.427,12.439,2.500,1,13
0.4463,0.9473,0.4668,75.183,9.939,3.232,1,13
0.4448,0.9497,0.4683,74.695,7.927,4.146,1,13
0.4482,0.9575,0.4790,74.268,6.402,5.122,1,13
0.4497,0.9658,0.4834,72.988,5.488,6.280,1,13
0.4585,0.9585,0.4961,71.524,5.183,6.829,1,13
0.4688,0.9487,0.5127,69.451,5.671,7.988,1,13
0.5913,0.9829,0.6489,17.073,11.951,6.524,1,13
0.6323,1.0103,0.6221,8.110,11.341,6.402,1,13
0.6733,1.0601,0.6006,0.061,10.610,6.646,1,13
0.7188,1.1206,0.5718,-7.500,9.451,6.768,1,13
0.7773,1.1836,0.5303,-13.720,8.780,7.073,1,13
0.8359,1.2656,0.5117,-19.390,7.927,7.866,1,13
0.8896,1.3467,0.5015,-25.061,7.866,8.841,1,13
0.9429,1.4312,0.4727,-29.695,8.171,10.122,1,13
1.7280,2.3657,0.2930,-30.793,-1.402,42.439,1,13
1.8442,2.4595,0.3081,-26.159,-5.427,47.317,1,13
1.9722,2.5430,0.3145,-20.366,-10.976,52.439,1,13
2.0947,2.6279,0.3198,-13.354,-18.293,56.890,1,13
2.2324,2.7197,0.2788,-4.573,-28.841,61.280,1,13
2.3901,2.8115,0.1753,7.683,-42.134,65.915,1,13
2.5640,2.9399,0.0508,23.415,-57.988,70.915,1,13
2.7290,3.0859,-0.0898,40.610,-74.695,75.732,1,13
4.2603,3.9712,-1.3374,255.732,-186.220,140.427,1,13
4.3359,3.9014,-1.3281,278.354,-200.061,151.402,1,13
4.3701,3.7754,-1.2998,299.085,-213.902,163.537,1,13
4.3706,3.6064,-1.2739,317.683,-227.012,175.671,1,13
4.3477,3.4121,-1.2656,333.110,-241.098,187.683,1,13
4.2871,3.1943,-1.2427,340.915,-253.598,198.963,1,13
4.2559,2.9468,-1.2261,341.585,-263.720,209.756,1,13
4.2642,2.6890,-1.2515,337.683,-270.427,221.646,1,13
4.5166,0.7354,-1.9219,111.098,-235.488,248.110,1,13
4.4326,0.6899,-1.9946,80.549,-221.159,233.841,1,13
4.3232,0.7007,-2.0815,57.256,-204.634,218.598,1,13
4.2310,0.7827,-2.1626,41.646,-186.341,203.476,1,13
4.1890,0.9087,-2.2295,35.183,-165.732,190.305,1,13
4.1743,1.0898,-2.2354,41.951,-140.976,179.817,1,13
4.2007,1.2935,-2.1758,55.427,-112.439,173.049,1,13
4.2217,1.4756,-2.0332,76.646,-81.341,170.915,1,13
3.3110,-1.4722,9.4951,44.939,238.780,77.866,1,13
0.4956,-6.0737,13.5952,-242.622,613.841,190.366,1,13
-5.7861,-9.6279,13.1895,-95.427,795.305,131.585,1,13
-12.1216,-12.7646,15.8979,420.183,749.512,-176.829,1,13
-16.0000,-14.8945,15.9961,1174.878,363.720,-724.146,1,13
-16.0000,-7.4023,15.9995,1657.988,-587.012,-1200.976,1,13
-16.0000,11.1772,-10.9702,-762.378,-1282.439,-1032.683,1,13
-16.0000,-13.0190,-15.0781,-473.354,-261.890,8.354,1,13
0.1411,4.1128,2.4849,224.207,-101.280,115.122,1,13
0.1333,3.4854,2.3350,206.037,-95.183,148.598,1,13
0.0654,2.4531,1.9219,164.939,-87.805,216.159,1,13
-0.0679,1.5596,1.3701,122.988,-91.585,278.720,1,13
-0.3208,0.7227,0.7441,92.622,-109.268,328.902,1,13
-0.9063,-0.5449,-0.3604,91.463,-158.415,368.720,1,13
-1.1294,-0.9624,-0.6299,107.622,-178.110,370.061,1,13
-1.9580,-1.9790,-0.7202,181.585,-210.549,323.537,1,13
-2.7642,-1.2915,1.6841,71.585,-189.451,254.146,1,13
-2.9819,-0.9819,1.3765,63.354,-203.780,255.366,1,13
-3.1870,-0.5737,1.0449,50.610,-209.817,256.585,1,13
-3.3481,-0.1523,0.6812,36.280,-204.756,262.317,1,13
-3.5327,0.1870,0.3857,28.537,-188.110,273.171,1,13
-3.7437,0.3687,0.2300,32.805,-161.341,283.720,1,13
-3.9302,0.3604,0.2524,48.598,-128.780,284.634,1,13
-4.0239,0.1724,0.3579,71.890,-94.329,270.122,1,13
-1.9233,-1.8359,-0.0098,-32.439,-19.146,143.780,1,13
-1.8110,-1.6626,-0.0537,-66.402,-37.195,150.854,1,13
-1.7134,-1.4927,-0.0444,-91.829,-52.561,153.659,1,13
-1.5918,-1.3687,-0.0093,-107.988,-61.951,151.463,1,13
-1.4590,-1.2856,0.0659,-115.793,-63.415,142.988,1,13
-1.3418,-1.2280,0.1333,-117.988,-58.720,131.341,1,13
-1.2588,-1.2119,0.2139,-117.500,-50.549,118.476,1,13
-1.1919,-1.2324,0.2524,-116.280,-41.951,106.159,1,13
-1.2617,-1.3208,0.1533,-161.951,-45.488,-17.378,1,13
-1.2417,-1.1626,0.0713,-174.451,-45.488,-23.720,1,13
-1.2158,-0.9990,-0.0073,-185.671,-42.683,-28.720,1,13
-1.1958,-0.8462,-0.0605,-195.305,-36.768,-32.439,1,13
-1.1616,-0.6895,-0.0981,-202.561,-27.988,-36.159,1,13
-1.1265,-0.5508,-0.1211,-208.232,-17.134,-39.634,1,13
-1.0767,-0.4321,-0.1313,-211.951,-5.183,-43.171,1,13
-1.0371,-0.3228,-0.1553,-212.805,7.012,-46.646,1,13
-0.4229,0.5024,-0.1763,-197.500,99.390,-86.951,1,13
-0.3892,0.5615,-0.1748,-195.061,104.756,-89.268,1,13
-0.3315,0.6738,-0.1587,-190.976,116.098,-93.659,1,13
-0.2754,0.7915,-0.1270,-185.915,127.378,-98.415,1,13
-0.2114,0.9453,-0.0786,-178.110,144.634,-104.329,1,13
-0.1704,1.0415,-0.0117,-174.207,156.890,-108.232,1,13
-0.1206,1.1060,0.0659,-170.427,169.512,-112.744,1,13
-0.0933,1.1499,0.1494,-167.317,182.195,-117.256,1,13
0.1875,1.1914,0.7300,-170.366,206.280,-173.110,1,13
0.2090,1.2109,0.7725,-176.463,197.134,-181.402,1,13
0.2217,1.2451,0.7783,-183.902,187.012,-189.817,1,13
0.2329,1.3018,0.7964,-192.500,176.220,-197.561,1,13
0.2349,1.3652,0.7969,-202.134,166.159,-204.939,1,13
0.2446,1.4399,0.8159,-212.744,157.439,-210.671,1,13
0.2505,1.5137,0.8037,-224.024,150.183,-215.122,1,13
0.2666,1.5928,0.7905,-235.061,145.793,-218.232,1,13
0.4663,2.3276,0.6313,-307.561,197.622,-197.744,1,13
0.5186,2.4028,0.6289,-309.756,208.171,-192.866,1,13
0.5742,2.4697,0.6333,-310.793,218.537,-187.744,1,13
0.6333,2.5430,0.6421,-309.390,228.354,-182.012,1,13
0.6943,2.6069,0.6636,-307.073,236.524,-176.707,1,13
0.7637,2.6777,0.6855,-303.415,243.476,-170.915,1,13
0.8369,2.7310,0.7192,-298.293,248.293,-165.549,1,13
0.9092,2.7817,0.7437,-292.073,250.488,-160.183,1,13
1.1470,2.1802,0.9653,-125.122,122.500,-108.720,1,13
1.1323,2.1270,0.9575,-122.134,117.561,-105.732,1,13
1.1167,2.0815,0.9302,-120.793,113.598,-103.841,1,13
1.0957,2.0356,0.8906,-120.244,110.122,-101.768,1,13
1.0830,1.9883,0.8628,-120.061,106.341,-100.366,1,13
1.0737,1.9492,0.8364,-120.305,103.476,-98.780,1,13
1.0645,1.9072,0.8081,-120.976,100.427,-97.317,1,13
1.0635,1.8647,0.7793,-121.646,97.500,-95.610,1,13
0.9131,1.2612,0.3350,-96.463,48.232,-85.366,1,13
0.8940,1.2622,0.3188,-93.659,45.915,-86.037,1,13
0.8755,1.2539,0.2969,-91.159,43.902,-86.220,1,13
0.8521,1.2661,0.2744,-88.720,42.256,-86.463,1,13
0.8276,1.2598,0.2734,-86.463,41.646,-85.793,1,13
0.8110,1.2656,0.2695,-84.085,41.402,-85.183,1,13
0.7891,1.2549,0.2734,-82.134,41.890,-84.146,1,13
0.7725,1.2500,0.2676,-79.329,42.256,-83.171,1,13
0.7456,1.2222,0.1602,-52.378,48.598,-78.415,1,13
0.7583,1.2329,0.1426,-49.939,49.512,-78.415,1,13
0.7817,1.2759,0.1460,-47.073,51.159,-78.293,1,13
0.8018,1.3042,0.1455,-44.634,53.537,-77.805,1,13
0.8281,1.3521,0.1519,-40.854,56.585,-76.890,1,13
0.8623,1.4082,0.1602,-37.256,60.244,-76.098,1,13
0.8999,1.4805,0.1924,-32.683,64.512,-75.366,1,13
0.9331,1.5537,0.2310,-28.841,69.146,-74.695,1,13
1.6201,2.3330,0.3813,3.415,77.988,-56.646,1,13
1.7397,2.4155,0.3872,7.012,77.561,-52.195,1,13
1.8638,2.5029,0.3989,11.524,77.195,-47.439,1,13
1.9888,2.6045,0.4146,17.012,76.098,-42.866,1,13
2.1270,2.7202,0.4160,22.866,73.598,-38.598,1,13
2.2705,2.8721,0.3984,30.671,68.659,-34.573,1,13
2.4258,3.0381,0.3877,39.634,62.134,-31.220,1,13
2.5679,3.2358,0.3589,49.268,52.927,-28.963,1,13
4.0078,5.0664,-0.4126,193.110,-74.268,47.073,1,13
4.1519,5.1123,-0.4785,209.146,-91.829,64.817,1,13
4.2827,5.1255,-0.5601,224.878,-111.098,83.476,1,13
4.3945,5.1128,-0.6587,239.512,-130.244,102.500,1,13
4.4976,5.0874,-0.7529,253.232,-149.390,121.098,1,13
4.5801,5.0527,-0.8535,265.671,-168.232,138.354,1,13
4.6396,5.0151,-0.9404,277.683,-185.427,154.634,1,13
4.6855,4.9668,-1.0195,287.561,-200.549,169.634,1,13
4.4214,4.0322,-0.8120,320.244,-268.293,302.744,1,13
4.3413,3.8887,-0.7339,319.634,-272.317,317.500,1,13
4.2354,3.7393,-0.6113,318.049,-272.744,332.561,1,13
4.1270,3.5576,-0.4419,315.122,-270.732,349.512,1,13
4.0347,3.3530,-0.2212,308.659,-267.439,367.866,1,13
3.9541,3.1284,0.0073,298.841,-264.695,385.854,1,13
3.9087,2.8657,0.2007,287.073,-263.110,403.780,1,13
3.8794,2.5703,0.3306,273.720,-263.354,420.671,1,13
3.3521,0.2471,-0.6108,255.488,-249.878,374.451,1,13
3.2925,0.3340,-0.8828,272.256,-227.012,350.061,1,13
3.2383,0.4536,-1.1250,293.171,-195.915,329.634,1,13
3.1860,0.5864,-1.2534,318.537,-159.817,314.146,1,13
3.1162,0.7124,-1.2446,347.622,-121.037,302.927,1,13
3.0498,0.7881,-1.0728,376.402,-84.146,294.756,1,13
2.9990,0.7769,-0.8281,405.183,-52.134,289.085,1,13
2.9668,0.6826,-0.5093,436.341,-27.744,285.854,1,13
-1.5664,-5.4507,-3.5957,67.500,-149.756,-201.524,1,13
-3.7358,-0.0747,-0.4878,203.415,110.488,-117.988,1,13
-2.1992,1.3374,0.8525,88.537,92.134,12.561,1,13
-1.2729,2.2769,1.4697,27.073,85.915,82.866,1,13
-1.0405,3.1064,1.5664,-17.683,62.073,118.902,1,13
-1.2959,4.5811,1.7505,-42.195,9.573,161.768,1,13
-1.8062,6.1909,2.3711,-35.732,-62.988,236.463,1,13
-2.0630,7.8296,2.4741,3.841,-113.598,297.378,1,13
-0.7451,2.1943,-0.8276,-272.927,-9.024,-108.415,1,13
-0.8486,1.1699,-1.1221,-205.793,-2.195,-75.305,1,13
-1.0815,0.3413,-1.1792,-119.146,10.000,-40.854,1,13
-1.3711,-0.1631,-1.2061,-34.451,14.085,0.061,1,13
-1.6270,-0.5527,-0.9443,23.963,-4.512,42.805,1,13
-1.8867,-0.8740,0.1255,47.683,-32.073,85.610,1,13
-2.0205,-1.2529,0.9395,32.744,-58.720,124.024,1,13
-2.1211,-1.6548,1.3975,14.451,-82.439,155.549,1,13
1.0786,0.1919,0.0845,-106.524,72.744,163.476,2,13
1.0713,0.1924,0.0732,-97.195,70.122,163.720,2,13
1.0698,0.1914,0.0742,-87.012,68.049,163.659,2,13
1.0635,0.1777,0.0640,-76.159,66.280,162.988,2,13
1.0806,0.1689,0.0693,-64.390,65.244,161.646,2,13
1.1050,0.1611,0.0532,-52.317,63.963,159.817,2,13
1.1265,0.1455,0.0513,-40.366,62.866,157.683,2,13
1.1606,0.1279,0.0439,-28.415,61.524,154.756,2,13
-2.2456,-1.9839,1.7134,-0.610,-105.000,178.720,1,13
-2.4370,-2.3071,1.9941,-18.354,-128.598,194.878,1,13
-2.6704,-2.6274,2.4043,-36.890,-155.183,204.390,1,13
-2.8887,-2.8809,2.8545,-69.085,-182.927,208.110,1,13
-3.0049,-3.1040,3.0142,-116.707,-214.390,203.537,1,13
-2.9507,-3.1772,2.8013,-164.451,-250.732,192.500,1,13
-2.7319,-2.8965,2.4395,-198.659,-288.415,177.439,1,13
-2.4233,-2.1655,2.0229,-219.634,-321.402,164.329,1,13
-0.5356,0.5020,-0.4272,-198.659,-153.476,15.183,1,13
-0.4883,0.5591,-0.4351,-207.073,-147.256,9.695,1,13
-0.4521,0.6162,-0.4385,-215.427,-139.512,2.927,1,13
-0.4106,0.6802,-0.4458,-222.378,-131.220,-4.146,1,13
-0.3696,0.7466,-0.4697,-227.561,-122.988,-11.585,1,13
-0.3428,0.8145,-0.4854,-231.341,-114.878,-19.268,1,13
-0.3120,0.8979,-0.5020,-234.268,-107.134,-27.012,1,13
-0.2754,0.9800,-0.5278,-236.646,-99.573,-33.902,1,13
0.1392,1.8794,-0.8877,-278.171,20.732,-67.012,1,13
0.1689,1.9189,-0.8730,-284.817,31.280,-67.256,1,13
0.2046,1.9688,-0.8691,-290.671,42.561,-66.341,1,13
0.2485,2.0288,-0.8550,-295.671,53.232,-65.122,1,13
0.2861,2.1045,-0.8618,-299.451,63.293,-62.805,1,13
0.3252,2.1792,-0.8608,-302.073,72.378,-60.671,1,13
0.3730,2.2661,-0.8540,-303.537,80.854,-58.110,1,13
0.4194,2.3530,-0.8584,-303.902,88.293,-55.305,1,13
1.3013,2.7104,-0.6738,-189.268,92.317,17.866,1,13
1.3140,2.7207,-0.7041,-182.866,89.390,21.463,1,13
1.3340,2.7080,-0.7305,-178.476,87.500,24.573,1,13
1.3462,2.6968,-0.7495,-173.780,87.378,27.683,1,13
1.3667,2.6724,-0.7729,-169.512,88.293,30.854,1,13
1.3862,2.6533,-0.7866,-164.451,89.756,34.512,1,13
1.4102,2.6387,-0.8218,-159.390,91.341,38.232,1,13
1.4316,2.6138,-0.8662,-154.207,92.500,42.134,1,13
1.5571,2.4458,-0.7607,-105.915,72.134,81.585,1,13
1.5591,2.4194,-0.7539,-97.378,67.927,84.817,1,13
1.5615,2.3989,-0.7407,-87.500,63.110,87.927,1,13
1.5693,2.3770,-0.7446,-77.012,58.415,90.854,1,13
1.5815,2.3525,-0.7358,-65.244,52.988,93.963,1,13
1.5835,2.3252,-0.7373,-54.146,47.500,97.195,1,13
1.5981,2.3032,-0.7280,-43.110,42.134,100.061,1,13
1.6011,2.2524,-0.7251,-32.744,36.829,103.354,1,13
1.2222,1.3848,-0.6089,98.415,-22.378,105.976,1,13
1.1929,1.3428,-0.5776,103.659,-21.768,106.341,1,13
1.1553,1.2969,-0.5532,108.476,-21.037,107.317,1,13
1.1294,1.2349,-0.5366,113.415,-20.976,108.354,1,13
1.1050,1.1821,-0.5059,118.232,-20.671,109.573,1,13
1.0767,1.1216,-0.4951,123.354,-20.976,110.549,1,13
1.0444,1.0508,-0.4819,128.232,-20.854,111.220,1,13
1.0073,0.9507,-0.4482,134.146,-21.037,112.073,1,13
0.7500,0.3955,-0.2915,139.451,-11.341,97.622,1,13
0.7305,0.3481,-0.2983,139.634,-9.085,93.659,1,13
0.7212,0.3164,-0.3062,139.878,-6.402,89.939,1,13
0.7056,0.2866,-0.3213,139.817,-4.085,85.793,1,13
0.7017,0.2705,-0.3379,139.939,-0.976,81.951,1,13
0.6885,0.2500,-0.3467,139.207,2.439,77.927,1,13
0.6768,0.2354,-0.3457,137.195,5.671,74.146,1,13
0.6694,0.2202,-0.3345,133.902,9.207,70.427,1,13
0.4746,0.1753,-0.0596,109.268,41.341,30.366,1,13
0.4546,0.1782,-0.0068,108.415,44.756,26.768,1,13
0.4341,0.1753,0.0518,109.207,47.927,23.171,1,13
0.4185,0.1777,0.1064,111.463,50.976,20.610,1,13
0.3984,0.1753,0.1548,114.573,53.476,17.622,1,13
0.3862,0.1807,0.1870,119.268,55.427,14.878,1,13
0.3657,0.1836,0.2256,124.695,56.646,12.622,1,13
0.3477,0.1973,0.2397,131.280,56.951,11.037,1,13
0.5859,-0.4414,-0.4331,23.659,-5.183,-14.207,2,13
0.5854,-0.4346,-0.4282,23.902,-5.244,-13.476,2,13
0.5962,-0.4248,-0.4258,24.268,-5.305,-12.561,2,13
0.5942,-0.4180,-0.4219,24.024,-5.427,-11.585,2,13
0.5957,-0.4092,-0.4209,24.207,-5.244,-10.488,2,13
0.6035,-0.3955,-0.4199,23.476,-5.061,-9.207,2,13
0.5991,-0.3984,-0.4287,22.622,-5.000,-7.805,2,13
0.5962,-0.3901,-0.4297,22.073,-4.939,-6.280,2,13
0.2480,0.2441,0.2490,177.500,36.951,2.195,1,13
0.2402,0.2192,0.2344,178.110,36.341,0.000,1,13
0.2295,0.1875,0.2266,178.110,36.341,-2.256,1,13
0.2197,0.1470,0.2236,177.073,36.585,-4.634,1,13
0.2129,0.1040,0.2202,174.756,37.866,-8.232,1,13
0.1953,0.0615,0.2222,171.890,39.817,-11.463,1,13
0.1899,0.0205,0.2236,167.927,42.012,-15.244,1,13
0.1675,-0.0234,0.2280,163.476,44.085,-19.512,1,13
-0.0303,-0.1245,0.1001,58.720,51.220,-101.402,1,13
-0.0420,-0.1128,0.1099,53.110,52.622,-104.878,1,13
-0.0649,-0.1001,0.1104,47.195,54.573,-108.659,1,13
-0.0977,-0.0913,0.1245,43.171,56.098,-111.829,1,13
-0.1133,-0.0830,0.1338,38.963,57.744,-115.610,1,13
-0.1348,-0.0718,0.1392,35.854,59.756,-119.024,1,13
-0.1445,-0.0752,0.1528,33.598,61.037,-122.439,1,13
-0.1563,-0.0635,0.1484,32.744,62.622,-125.793,1,13
-0.2378,-0.0435,0.1777,44.695,70.061,-154.634,1,13
-0.2500,-0.0444,0.1758,47.439,70.183,-158.232,1,13
-0.2627,-0.0439,0.1875,50.732,69.817,-162.073,1,13
-0.2676,-0.0298,0.1885,53.415,69.329,-166.341,1,13
-0.2783,-0.0332,0.1943,56.524,69.268,-170.427,1,13
-0.2949,-0.0322,0.1997,59.329,68.598,-174.573,1,13
-0.3008,-0.0332,0.2046,61.585,68.537,-178.598,1,13
-0.3125,-0.0386,0.1973,64.573,68.110,-183.171,1,13
-0.4121,-0.0684,0.1504,94.451,58.049,-224.451,1,13
-0.4248,-0.0771,0.1563,95.488,57.012,-229.024,1,13
-0.4341,-0.0928,0.1553,95.427,56.220,-234.024,1,13
-0.4507,-0.1040,0.1616,95.183,55.915,-238.659,1,13
-0.4648,-0.1230,0.1626,94.085,55.854,-243.110,1,13
-0.4814,-0.1357,0.1763,92.988,55.671,-247.744,1,13
-0.4995,-0.1475,0.1855,91.768,55.305,-252.439,1,13
-0.5225,-0.1641,0.1963,90.061,54.756,-256.646,1,13
-0.6812,-0.1748,0.2964,62.256,34.268,-301.646,1,13
-0.6924,-0.1631,0.2866,61.341,32.500,-303.780,1,13
-0.7036,-0.1538,0.2847,57.805,29.024,-307.805,1,13
-0.7290,-0.1396,0.2988,54.146,25.610,-312.195,1,13
-0.7437,-0.1328,0.3018,50.976,22.256,-315.976,1,13
-0.7617,-0.1172,0.3057,47.378,19.207,-320.366,1,13
-0.7793,-0.1035,0.3208,43.476,16.707,-323.963,1,13
-0.8027,-0.0840,0.3252,38.659,12.744,-329.512,1,13
-1.0352,-0.0073,0.3740,21.646,-14.817,-360.000,1,13
-1.0698,0.0034,0.3784,20.488,-19.329,-363.537,1,13
-1.1064,-0.0005,0.3696,19.695,-24.085,-367.500,1,13
-1.1421,-0.0073,0.3828,18.293,-28.780,-371.280,1,13
-1.1851,-0.0103,0.3857,16.890,-33.476,-375.427,1,13
-1.2197,-0.0156,0.3887,15.610,-37.988,-379.817,1,13
-1.2656,-0.0298,0.3916,13.780,-42.195,-384.268,1,13
-1.3042,-0.0444,0.3999,11.951,-46.585,-389.146,1,13
-1.8257,-0.1675,0.4839,-27.073,-78.415,-436.646,1,13
-1.8999,-0.1709,0.4922,-33.598,-81.585,-442.012,1,13
-1.9683,-0.1748,0.4941,-41.159,-84.573,-447.012,1,13
-2.0469,-0.1709,0.4854,-49.024,-86.707,-451.890,1,13
-2.1294,-0.1680,0.4824,-57.500,-88.598,-456.463,1,13
-2.2173,-0.1494,0.4663,-66.463,-88.841,-460.854,1,13
-2.3022,-0.1289,0.4653,-75.061,-88.537,-464.756,1,13
-2.3862,-0.0991,0.4536,-84.146,-85.549,-468.110,1,13
-3.2124,0.6235,0.3945,-96.585,-45.183,-469.146,1,13
-3.2510,0.7412,0.3813,-86.037,-42.683,-466.768,1,13
-3.2817,0.8672,0.3608,-73.293,-40.610,-464.207,1,13
-3.2861,0.9868,0.3335,-58.902,-39.146,-461.220,1,13
-3.2749,1.0991,0.3081,-42.561,-37.134,-458.537,1,13
-3.2402,1.2119,0.2749,-24.756,-35.549,-454.939,1,13
-3.1982,1.3120,0.2490,-6.037,-33.293,-451.707,1,13
-3.1431,1.3926,0.2290,13.780,-31.037,-448.720,1,13
-1.9438,1.1709,0.7061,254.085,-67.439,-345.061,1,13
-1.9038,1.1094,0.7500,253.232,-73.415,-335.732,1,13
-1.8623,1.0518,0.7886,250.488,-81.098,-326.768,1,13
-1.8174,1.0005,0.8032,246.220,-90.366,-318.232,1,13
-1.7769,0.9609,0.8208,241.098,-100.427,-309.756,1,13
-1.7480,0.9204,0.8394,233.902,-111.707,-301.280,1,13
-1.7085,0.9014,0.8481,226.463,-123.963,-292.561,1,13
-1.6748,0.8789,0.8491,217.317,-136.159,-283.963,1,13
-1.9033,-1.3374,-0.1953,67.439,1.707,387.073,2,13
-1.8994,-1.3569,-0.1953,68.049,4.634,386.159,2,13
-1.8955,-1.3623,-0.2114,67.866,6.768,385.305,2,13
-1.8862,-1.3662,-0.2148,67.866,9.695,384.207,2,13
-1.8677,-1.3560,-0.2188,67.256,11.768,382.561,2,13
-1.8481,-1.3560,-0.2227,66.768,13.902,381.341,2,13
-1.8267,-1.3350,-0.2295,66.280,15.854,380.183,2,13
-1.8047,-1.3228,-0.2241,65.488,18.049,378.841,2,13
-1.6450,0.8623,0.8394,207.439,-148.659,-274.573,1,13
-1.6152,0.8540,0.8213,196.951,-161.280,-265.000,1,13
-1.5977,0.8486,0.8145,185.732,-173.598,-255.061,1,13
-1.5850,0.8433,0.7925,174.085,-185.976,-244.573,1,13
-1.5767,0.8403,0.7642,161.524,-198.110,-233.659,1,13
-1.5771,0.8330,0.7236,149.817,-211.098,-222.256,1,13
-1.5864,0.8311,0.6758,138.902,-224.024,-210.671,1,13
-1.6128,0.8315,0.6177,128.963,-236.341,-199.329,1,13
-1.7739,-1.2964,-0.2275,64.939,20.610,377.683,2,13
-1.7490,-1.2759,-0.2188,64.695,22.622,376.463,2,13
-1.7368,-1.2500,-0.2212,64.268,24.634,375.183,2,13
-1.7158,-1.2192,-0.2236,64.756,26.402,374.207,2,13
-1.6904,-1.1904,-0.2109,64.573,28.171,373.049,2,13
-1.6777,-1.1621,-0.1963,65.549,29.695,372.195,2,13
-1.6670,-1.1299,-0.1938,66.829,31.159,370.976,2,13
-1.6655,-1.0972,-0.1831,67.805,32.378,369.573,2,13
-1.6338,0.8369,0.5640,121.037,-249.085,-188.232,1,13
-1.6650,0.8550,0.5176,113.841,-260.915,-177.195,1,13
-1.6973,0.8862,0.4727,107.561,-272.073,-167.073,1,13
-1.7383,0.9077,0.4517,102.134,-281.707,-157.683,1,13
-1.7734,0.9355,0.4189,96.890,-290.183,-148.780,1,13
-1.8203,0.9517,0.3613,92.561,-297.988,-140.122,1,13
-1.8628,0.9741,0.3228,90.305,-304.817,-132.195,1,13
-1.8979,0.9985,0.2783,88.232,-310.793,-124.390,1,13
